sale_id,timestamp,product_id,region,sale_amount
c7480873-2461-4992-b62d-bf4f491b2aae,2025-05-25 05:03:54,P695,East,1168.98
29e470dc-4075-43a4-bd75-aa88d1bb2bac,2025-05-21 05:46:25,P110,North,974.62
bf950601-b677-4151-92dc-4817f6622b4d,2025-05-01 04:06:17,P197,South,4912.91
2cf5305d-d1a4-463f-b381-07fa90adc73c,2025-04-27 06:32:32,P544,South,2320.17
605a2ed2-0d78-412a-aebc-39ef57d416de,2025-05-09 13:49:36,P172,North,4985.98
5eac4ae1-3e2a-4bf5-8492-07c33b5b7cbf,2025-05-21 00:36:59,P801,East,1151.55
7f5eed0c-abca-495d-9d2e-0642d532e991,2025-05-17 12:53:23,P945,East,4008.96
0e3c0b42-183a-4a06-96f8-0fe795d82169,2025-05-11 10:33:43,P258,West,3801.41
bd240c80-8c89-426c-8445-a4e3aaf4d0c1,2025-05-09 19:15:59,P298,North,4249.6
b5110bfb-cd8e-468d-9ef6-eac8b85f3d89,2025-05-09 04:48:30,P876,West,3428.98
79a293e4-524c-42d1-82e5-87548c59225d,2025-05-26 00:59:23,P406,West,4433.77
dc5e9a76-42c0-401c-a7a7-a2abc416bad3,2025-05-01 13:43:54,P743,West,4135.75
e1ea6fca-9680-4e47-bdbc-860073822648,2025-05-19 07:45:11,P943,North,4059.62
cc2a934f-f44a-4ce8-b880-a564f7b7cb8c,2025-05-20 16:54:45,P749,South,4599.71
f7f62922-bb91-454f-8eb5-4570f8273dc1,2025-05-11 09:24:31,P494,North,4094.58
86ddc305-aea2-4330-9ddc-e25fbe5d8915,2025-05-06 01:33:05,P806,East,1779.8
b16d7426-8b5c-4e6c-8a74-7f9094148931,2025-05-10 15:57:49,P179,West,3552.28
c5c6b558-4f8d-440d-9f7e-4230c9c3d9fc,2025-05-24 08:05:57,P376,West,936.48
b49e731c-1c9a-4854-b002-1ceaff35fff7,2025-04-28 21:09:03,P120,West,2974.17
7f293899-7b01-4927-86a8-83fd64545031,2025-05-24 22:54:55,P650,North,1032.55
812a4f43-929b-4683-8d14-2415e192596d,2025-05-08 18:51:15,P417,West,2373.74
cf77a5eb-2324-404b-8082-6ab2af0891d2,2025-05-22 12:16:03,P226,West,4431.0
374d1cf6-2a5e-4489-8a91-5ad3dfd205a4,2025-05-12 12:57:03,P965,East,632.87
43f682cf-5def-4aa4-9cf7-15375628b27c,2025-05-08 10:07:37,P280,East,1419.71
6eea9ac2-2291-4617-8303-a92cba48ba9c,2025-05-17 01:54:45,P506,North,2854.31
00054436-d21b-4f96-94b7-3071b566d6c7,2025-05-02 21:22:27,P387,North,4178.57
b3cfd065-22e5-4e05-b106-10aebbd6bf6c,2025-05-18 22:07:25,P585,West,513.56
c72a0afc-5992-4c9e-b197-77332ff5ef15,2025-04-30 12:52:48,P584,South,3411.52
90d0e8ec-75d5-4415-855d-26780e871f27,2025-05-16 13:55:33,P168,East,1896.87
c17c9cd9-b1af-45b7-94b7-177e180e7c4f,2025-05-15 09:05:09,P190,South,4928.23
a299eb41-741d-4b71-933d-8814d335b046,2025-05-24 23:32:23,P990,South,3607.94
67de0b81-3611-406c-b472-77ad3701114f,2025-05-21 10:36:11,P503,East,2286.43
33c9b3c7-2aaf-4544-abcb-c4111596a995,2025-04-27 16:51:30,P994,North,1608.46
3fa9900c-62d9-46f8-807f-e0a699303834,2025-05-20 14:58:49,P150,West,1162.03
0cd93fa3-3efd-4805-8563-fb696da6420d,2025-05-12 22:57:40,P216,West,3366.64
87046b01-f8ab-4f75-bc1a-b5cccdc6a528,2025-05-25 16:06:43,P284,South,4178.69
a59e4fae-6188-449d-87f7-7037a3359299,2025-05-10 03:33:48,P193,South,1153.7
39f000aa-2a24-4981-9949-d225f8266c48,2025-04-29 18:03:10,P705,East,2546.08
322e8b81-b3dd-43a7-a6f8-1e70e49fee5f,2025-05-26 02:16:53,P101,South,1119.88
caafa26b-bdf1-42eb-b2a1-8b0a78f144fd,2025-05-25 09:48:02,P785,East,2153.28
9c773aec-ae82-4e53-990b-e570744001e6,2025-05-05 12:29:11,P211,South,564.85
fc1c5b7f-64f6-4a9a-96f4-ec9f96f9503a,2025-05-24 11:10:32,P843,East,999.89
d1e08db8-b4f0-4f08-ac6d-3fa889d4808f,2025-04-29 06:17:35,P346,North,2229.64
7640b943-ee5c-46de-ac9c-2cc1329cd74a,2025-05-12 13:22:41,P619,East,3941.19
920d5b61-85c3-4fef-b829-0780f6336be8,2025-05-19 04:30:21,P155,North,3635.33
9ec98d25-60dd-480b-93f1-20acd84f4793,2025-05-08 22:32:52,P901,North,3365.22
c99a7cd2-4f91-40a0-b43e-049be67c17fa,2025-05-25 04:07:16,P110,East,2744.63
17e4f1f4-b09b-4d52-8867-e5653664ac98,2025-05-14 06:29:31,P729,South,1386.0
046e676a-474d-468f-8438-8d5470406708,2025-05-05 17:39:22,P648,West,4529.52
cd600136-1464-4c8a-8bb4-a9f5b35277b4,2025-05-10 19:51:20,P606,South,3610.27
76491f7c-7cae-40c8-9060-8e1d384d6774,2025-05-02 08:56:19,P932,South,1594.42
5764fe65-1d04-40bf-a5ae-711b28ac2feb,2025-05-20 04:45:42,P716,North,924.94
fd58e499-784d-4c77-b7aa-a00729609a47,2025-05-05 23:48:39,P771,East,2892.1
0c2483e6-86e1-4764-8935-9e3595fd01e1,2025-05-09 12:41:17,P481,West,4890.3
d1cf9d2a-47a6-403a-afe3-806f31d89768,2025-05-08 14:00:44,P741,North,4298.99
10e7c3af-2106-49cd-ad4b-ed2fa811a097,2025-05-09 00:22:49,P433,North,4154.36
a414284e-9aa4-4718-b303-9935347d1b6e,2025-05-13 14:52:22,P833,East,4855.38
688523b9-1ebf-43cb-8972-e7095f21e7c9,2025-05-22 00:58:03,P507,West,991.17
b0755af5-121e-4c6e-af54-98fccd402208,2025-05-07 09:45:43,P496,West,966.59
91282c37-5f0e-4d5d-ac57-1331a4ec271e,2025-05-12 00:20:42,P270,North,2927.02
c3d01de9-44ea-4b95-8471-c7aa72032699,2025-05-20 06:23:22,P359,North,1110.28
24a90614-c296-4bc3-a38e-676e61beb073,2025-04-26 19:19:17,P318,East,1283.66
20f9a023-7cc6-4cc9-824f-ba5a2f8cc242,2025-05-08 08:04:01,P848,East,2280.81
d7602830-2be9-4ad4-9211-122897519a4f,2025-05-10 17:33:32,P356,East,1706.13
d310ba92-0459-4898-884f-6a13f0a3a615,2025-05-15 01:13:49,P327,South,3350.34
273f82a8-fad5-42db-a754-fb3e3a824a68,2025-05-18 09:29:52,P563,South,2912.57
2faa5282-4531-4a44-8f38-4e1c6661500e,2025-05-18 12:30:06,P905,North,1159.73
4a306157-f188-405b-825e-8108343f5916,2025-05-22 16:53:19,P429,South,3655.6
25f74336-2487-47d4-9199-964d03b6809d,2025-05-07 19:53:40,P277,North,3282.28
73b01d6b-8a34-4916-895b-261121969a46,2025-05-06 03:20:55,P898,South,4713.13
31ba4d89-0dc9-4e89-9fec-1da2e6bbee20,2025-05-20 07:23:34,P553,West,3961.5
c26ea534-fba1-4adc-a6b9-3e860894b646,2025-05-03 00:54:22,P164,West,1154.31
d95a03f5-ba4f-492d-b869-d5cc316892bf,2025-05-09 21:11:03,P628,East,2833.95
d0f9df79-8848-4450-a76f-a1dda9e579b1,2025-05-24 13:48:22,P717,East,1448.92
fa8edd44-5583-455c-bfb2-34ee05d549bc,2025-05-18 16:11:21,P895,West,2815.42
da26a24c-cdae-4969-bcf3-bf06e10a33b6,2025-05-25 06:15:11,P677,South,4288.22
66584f52-37b0-4788-880c-c757dada1735,2025-05-09 08:46:40,P146,North,4491.6
d3ef6e9f-5fc0-4c22-903d-87004800f29c,2025-05-01 13:34:28,P113,North,4886.98
9e21bfeb-71bd-410c-819d-4e1ee27a8516,2025-05-25 17:13:36,P274,West,3938.95
eaa4e8e0-0cc0-4f1b-b128-7b91f348d33e,2025-05-07 05:01:10,P751,North,1944.51
2401df80-51bc-4a80-95aa-1c4594faa70a,2025-05-20 16:56:38,P440,North,1961.78
60541880-a1be-4f37-a131-836c45fb92ef,2025-05-08 20:07:24,P121,South,2234.31
b9b2eb50-9647-4280-9372-bd0246b492be,2025-05-22 13:57:28,P623,South,3948.15
f327694e-f2aa-43c9-a938-3b04951359ee,2025-05-07 15:26:49,P301,West,3864.94
2f2b47be-be9a-4f85-aa90-b769a7c9a79c,2025-05-09 12:16:22,P876,South,4391.62
86a36918-8918-4610-ac45-c646567b1cf0,2025-05-19 00:34:09,P869,East,782.2
ea4bcad7-4834-4621-8428-ff21ce48b01c,2025-05-18 02:22:01,P642,South,1391.19
1ec402cd-a812-422c-b9a2-1b3a4f8622ac,2025-04-28 19:08:10,P220,South,802.2
eba3132c-40d7-4e3b-8248-c0cc76ee70e8,2025-05-12 09:52:09,P385,West,3534.46
9af4fe13-2856-4f48-9401-78c4700097be,2025-05-08 21:30:16,P644,East,4690.74
785d5758-d409-4bd6-9a3c-2252c17c7ad6,2025-04-30 21:24:14,P801,East,2476.86
5128e298-dd13-4861-9538-73ac256a68ba,2025-05-20 06:16:04,P141,North,4969.07
47a1d38c-0397-4e07-baea-7a5664507b3e,2025-05-16 03:21:10,P413,West,4702.38
daccbfd6-93a5-4c07-92d5-95a6cdc6403f,2025-05-15 16:18:17,P330,South,4053.32
1a3802ff-6a94-4015-aaae-58f673a142bf,2025-05-17 16:07:14,P841,East,547.47
22427c78-df4c-4950-bc83-9f7f2331b342,2025-05-20 01:26:53,P604,West,2989.7
faf52658-bb45-4f42-a715-f35dfc50fefd,2025-05-17 10:08:35,P839,South,4186.41
89b32f9f-0120-456b-83df-c6c9cfa81d70,2025-05-02 17:31:51,P421,East,4276.85
89a735fc-431f-4ae4-aecb-dc343e593275,2025-05-25 18:44:18,P205,South,3324.35
fe61c265-7403-42ef-9966-630a802d0cba,2025-05-11 15:14:48,P181,North,4451.28
bb00a0a0-f017-41eb-8ee1-cf92cba79393,2025-05-02 03:17:39,P721,South,1148.72
dc23c68c-0522-45b4-8656-f5f32785176c,2025-05-20 05:11:58,P437,South,2530.25
ba9b13ae-1a64-4ceb-bb46-b5cfe63ffb0e,2025-05-20 00:59:40,P448,South,3693.18
e5c99d73-20f4-40b0-879e-151c0e9bd28b,2025-04-27 05:53:31,P182,East,2168.72
c12beb18-adb4-4dc3-8f21-04ad680eba1d,2025-05-05 00:35:07,P181,South,1932.11
060e7613-92b5-479e-be15-e788f3cca5c3,2025-04-29 03:43:38,P732,North,3983.95
0363a9cf-cf06-4594-a661-27c841c65ff7,2025-05-02 11:18:34,P621,East,3272.22
0d629a10-5f27-4510-a490-68dc91e71058,2025-05-03 03:58:07,P540,North,4709.19
b63e296d-3a35-4907-9112-ed8c11091b8b,2025-05-13 02:26:05,P269,South,2439.81
acfc2f98-8edc-47ff-8d24-eada343edf2f,2025-05-03 20:29:39,P909,West,2925.76
7383fa60-a092-4346-89b6-8b8f60202674,2025-05-22 13:17:56,P471,West,4167.45
903702d9-2bc2-4848-92d8-d144b2e4136d,2025-05-08 08:30:08,P932,West,1860.67
52ab4d38-9ee1-4b05-b27e-33d498574a7c,2025-05-05 01:09:41,P625,North,3234.45
95dd7d1a-fd22-407e-b03e-224056888884,2025-05-24 00:44:01,P571,East,2185.26
190dd77b-6473-4439-8947-ae174c9f53c9,2025-05-14 08:18:26,P543,North,888.24
24b707fd-a6dd-4d37-b750-96d35421f99b,2025-04-29 01:33:44,P334,West,3938.78
873d024a-098d-4aa1-89c8-734ce7be25a2,2025-05-04 14:39:48,P375,East,3510.74
9dbbccf7-bb14-4365-9ed2-a020a2d2033c,2025-05-15 11:46:02,P741,West,793.94
29baa23d-b24c-4655-a1fb-5524328c8d3a,2025-05-10 05:30:49,P616,East,1814.64
13cdc15b-6584-4307-9555-e4c9973f825d,2025-05-16 14:15:21,P862,West,1298.02
815e6696-1df9-48b3-a506-7a085431a0b4,2025-05-18 15:19:19,P993,East,1273.57
637e1717-50d8-4ce3-8138-0a7ced06efbe,2025-05-25 17:06:30,P491,East,3316.83
1008fb66-5c93-44da-9a82-1ed8346beed4,2025-05-13 20:50:45,P730,North,2510.48
7aa12b4d-eb26-48a6-b9cf-05475514f397,2025-05-19 12:12:09,P728,West,3240.79
aaeba35f-5bce-493d-a073-a27f0bc8e9b8,2025-05-19 23:24:34,P762,West,949.81
59f93a96-894d-4ee9-a4fc-643d81f108f6,2025-05-19 11:13:36,P606,South,1509.17
4d7ade3c-ad90-4586-acac-91cdd48f8ba0,2025-05-14 02:56:42,P234,South,4078.45
05bd78a6-f8d6-40ce-a275-7f0d6fabd54a,2025-05-13 11:08:45,P586,East,677.66
1c1915e9-49e8-4d98-8c04-029d9b68e1dd,2025-05-09 08:21:49,P686,South,2546.52
adde1846-e0bb-43c7-bdfc-f72632b1f5a7,2025-05-17 06:43:38,P808,North,4461.29
af7fdc03-c587-42e2-a00f-ecb4e6fb2a38,2025-04-28 20:16:37,P636,West,2145.32
29237e74-f816-4c84-8e66-306bce78c0bd,2025-05-08 03:59:01,P512,North,4289.73
4f78b64e-c290-4da3-a3d7-c686ed5464be,2025-05-16 02:37:02,P246,North,3854.57
dedeaf8c-475a-4277-8ecd-39e67ad47e0a,2025-04-29 07:49:27,P586,North,2123.37
b1288bf0-23c0-4065-818a-77a027274280,2025-05-08 10:03:11,P209,North,4067.97
a6d3e068-298c-43e3-99d5-2d9736181801,2025-05-22 12:20:31,P309,South,3375.11
f30f09f8-b13b-4b58-9bf5-c9d7cf9fd048,2025-05-22 06:23:46,P521,East,3338.57
03c7d0a6-301d-4411-813c-33635cd460d8,2025-05-15 18:37:58,P636,West,4941.77
bb355883-fc5b-46a3-9493-402e8e2e257f,2025-05-22 15:58:24,P527,East,500.32
9fae88e8-737e-4f8e-b1c3-b575fb605579,2025-04-30 04:21:02,P338,North,4759.5
c8230ad3-e443-41a6-b511-f84580a19d8f,2025-05-01 19:41:31,P392,North,4101.67
abf7b01c-beb0-4610-891d-4a78836a017f,2025-05-04 21:44:54,P604,North,3660.2
115e4e68-5d41-456b-a0b8-19243b52bd1a,2025-04-26 17:05:07,P949,North,940.49
71d266e7-e61a-47c9-80ab-3ef12299b0cb,2025-05-22 02:25:31,P726,South,2752.13
cbf84637-01ea-44e8-8866-d8bf879d5e46,2025-04-30 13:39:06,P888,East,2587.96
506a5843-1c03-4a12-897d-ae05d50b5601,2025-05-09 10:08:01,P993,East,570.1
5411d338-aac7-4ac7-a19f-8f8591e15ef8,2025-05-19 23:33:04,P882,East,1499.63
6cefb743-a69e-4218-9f70-7518e4255fa0,2025-05-18 12:53:28,P173,South,4611.49
71567af5-736e-4e44-9bf8-0aecd4e70423,2025-04-29 00:01:37,P210,North,4322.95
1992802f-741e-4c63-a16b-f5ef36773067,2025-05-02 04:04:09,P386,North,4224.79
c86ffc07-1aff-476b-9afd-de2db3049baf,2025-05-16 03:52:41,P902,North,2347.01
071b5274-3d81-479d-a32f-85b460b78c78,2025-05-18 11:26:10,P588,North,4831.48
a74ca2ac-00e8-4ef2-8a20-62bb935426a7,2025-05-07 20:00:00,P731,South,630.25
31c92eb9-33ff-4039-8222-143ea0bfaad4,2025-04-29 11:45:37,P943,West,2034.87
f3d42a30-96ec-42e9-ad0a-72d3a856def2,2025-05-18 05:20:53,P628,East,1123.52
6f7b6f0e-4cc8-4e42-b4b8-c8f0b6770fdf,2025-05-16 09:04:52,P450,East,4484.42
75de65ab-5f43-400e-b2f5-9763a8a1e37a,2025-05-16 11:57:23,P674,West,696.99
6416b956-061d-40ee-b142-4b665523f507,2025-05-17 05:09:07,P880,North,832.71
6de923bc-8c1f-4350-b55b-7026788c5d65,2025-04-29 12:56:35,P806,South,4961.63
6d27402e-dd3f-4648-a7be-726bcb46e2a4,2025-05-17 02:38:44,P265,East,530.25
de8948c2-bb84-4120-b1cd-b2c29a6deb94,2025-05-09 09:58:09,P407,East,1552.37
f003a044-9f19-4388-b4bb-513ab797444e,2025-05-05 14:41:32,P192,West,3046.3
094c1f4d-3e87-492d-93ec-f872ec8bc76d,2025-05-04 00:01:05,P704,North,3420.59
5bbd9c6e-d26a-4fb3-be77-94e58058e8fa,2025-05-21 18:28:18,P519,North,3634.48
b1555eb7-22c9-4dfc-93ae-24e34d70b59a,2025-05-06 05:46:52,P939,North,2219.22
d0c7941d-67f7-4a5e-8aed-e974fd77480b,2025-05-23 22:18:14,P870,North,1496.07
96435cfc-af64-4995-af66-9a4a23876d25,2025-05-02 18:36:45,P295,East,4735.59
3fe432e3-6e2d-47f1-a87a-a001cf491c65,2025-05-21 19:45:23,P926,South,693.34
741b240a-9d2b-4c79-921a-457f4cbb0c07,2025-05-01 19:11:21,P113,North,4357.31
bfac5313-b1bc-4c81-91c0-02e53e785ef1,2025-05-18 23:54:41,P163,East,2411.29
95bcf2f9-fca7-4db5-8abc-c2eca79c3320,2025-05-22 15:36:26,P678,West,4695.38
f4842799-74da-4ff3-8992-25fce0ad6eba,2025-05-14 19:33:51,P383,South,1332.87
8d090fa6-8b95-4203-a3d5-b22e1d8fbf5a,2025-05-10 02:26:13,P568,West,2360.7
88daf202-673c-40cb-b501-36b644b2213a,2025-05-18 11:15:01,P576,West,2841.58
eb230aa6-94d0-4036-8852-c7dbc19b36d6,2025-04-29 17:22:23,P125,West,4552.99
b9c93b57-a22c-471e-b0a4-9a90093dab4f,2025-05-04 02:42:12,P822,South,3635.02
b9eb145d-f5e8-4e11-89cc-34a521a492fa,2025-05-03 09:34:04,P589,West,4192.95
4e1cdc49-5648-4aa4-a1cb-9a66af364266,2025-05-18 19:55:20,P230,West,914.49
c202cf81-e5ba-4806-827b-222517817144,2025-04-29 02:46:24,P945,West,1580.34
c1f0da3b-2290-4b8a-be08-63015da30ad8,2025-04-30 11:12:42,P422,North,1424.83
754cf658-f30b-4ca1-aeb8-0cf69a11edbb,2025-05-03 15:33:53,P144,South,4321.41
791f4f17-f9be-45aa-8ccf-a27298cdc766,2025-05-12 12:13:45,P632,West,943.58
1b4c1de4-886c-44df-8983-ad237c68e160,2025-05-07 22:51:58,P518,East,999.87
329dce90-9818-4aad-b552-09aa7ba41ad9,2025-05-12 22:08:04,P549,South,2328.24
c0108992-2113-42ff-ad48-0eba48b60427,2025-04-28 20:29:57,P693,West,1233.59
8a9a5bf7-b4f8-4cc0-ae34-eeda61b9c2c4,2025-05-17 01:15:05,P905,East,2486.46
808937ea-4e68-4f99-86ea-10b679d572d7,2025-05-24 02:18:48,P812,East,4001.28
77fac688-36c0-4e65-9bed-d1a2d05d9df4,2025-05-03 21:26:35,P313,East,2924.75
9089d891-f916-4e8b-8cba-732f9662bbd1,2025-05-22 11:26:39,P286,East,1006.28
00a540ad-92bd-4cde-822d-7b35a179d605,2025-05-18 13:31:09,P451,West,4946.55
62a0311b-23ff-4f99-9e80-50f87e0885ed,2025-05-16 08:35:02,P545,South,2954.77
5f3ef2af-3c7b-4d88-946c-172e492b0be5,2025-05-18 10:39:18,P109,East,2975.17
7f1de3c0-e074-44d7-9df6-036db831b69f,2025-05-23 00:53:43,P991,North,3038.83
260237e8-b9cf-4a07-83b9-5a5c88ff484c,2025-04-28 03:16:54,P497,East,1972.78
e03a1a4e-ce32-4199-8cad-7117f50a9d42,2025-04-26 19:09:43,P158,North,1287.11
b1ed9e92-6168-4926-899f-64266b9258ce,2025-04-27 13:12:31,P385,West,759.59
97a644a1-f145-4516-ae59-3c485446407c,2025-05-07 15:31:11,P944,South,3381.6
f561fafc-5fab-437f-9071-a119d720b2e2,2025-05-01 20:26:06,P431,West,3067.97
58ec4d30-f000-4fdc-b2ec-c5fe8d50ba65,2025-05-22 13:08:50,P485,North,2849.19
8da299e8-205f-4791-9213-eb840d94c981,2025-05-25 08:24:50,P748,North,3003.89
cfe1380c-a60f-4406-bd8d-bdfbc19478ef,2025-05-23 11:14:17,P694,South,1689.91
02f68a7c-3b0c-4b89-aecd-4bee7a6e6d6b,2025-05-25 11:11:39,P497,North,1410.51
a6a5bfd8-afa0-4b8f-9a0a-693ec73cc631,2025-05-03 04:05:44,P153,North,1503.59
ddb02a54-afbe-40da-ac99-2f7efc9fd738,2025-05-05 04:29:50,P816,North,1754.57
0a76d91d-f8f0-45be-9d7b-6b3393f55242,2025-05-12 23:03:16,P451,North,2983.37
87b91e9f-1caf-443e-bfb6-724baa77381c,2025-05-03 21:07:58,P587,West,1996.9
83a8bb9e-c5b1-4dcd-9aeb-725b81c1d912,2025-05-19 02:28:39,P610,West,4375.06
ec24be10-d271-4fd4-97c1-1bdafcfad398,2025-05-01 15:07:49,P692,North,1911.95
c0426f14-abaa-4780-be21-0cb9050578c4,2025-05-04 02:35:32,P243,North,3594.62
75fc4186-405a-4b36-9841-318db80b4a10,2025-04-30 01:17:39,P923,East,3562.25
1938b484-2d72-4b88-bb18-2e01ff911296,2025-04-28 12:19:48,P678,North,3013.02
711714f0-fe2c-45c1-a5a9-b4c9fe223ed0,2025-05-13 05:25:28,P290,South,767.22
3434a8d9-b0c6-4c70-b181-bb209ab760a8,2025-05-22 02:33:35,P515,West,4651.06
62c776ca-1251-48c2-b300-d93e4cca3317,2025-05-01 17:57:04,P184,West,4532.13
cc2addb0-b84a-4a7b-9762-0c823b283d55,2025-05-03 07:32:43,P947,South,4829.46
a2eb7f41-9138-4f6a-a528-7c54f7c82d7c,2025-05-23 03:36:01,P358,South,4727.12
bd45ba7f-1ebb-4835-96d7-0d50d4059f88,2025-04-29 19:15:58,P404,South,1136.64
d4c4c5be-7501-4a7a-a36e-7d9ca63ee3fb,2025-05-01 03:42:44,P381,West,2440.27
839edb3e-3c7e-45bf-bca6-6a47a1cc9ce3,2025-05-07 00:32:32,P227,East,1835.18
436c2eab-7d2e-416f-8c33-743ca7083530,2025-05-08 15:00:50,P769,North,4242.31
9efbdd40-bfe9-4f62-a1b0-c6233b7df4c0,2025-05-03 03:09:57,P964,East,4611.9
a729cbd7-6475-4169-8394-061723ff642c,2025-05-15 23:57:02,P551,North,3798.74
32276614-1737-4040-b3f8-3238d46743bd,2025-05-10 13:26:31,P391,East,821.62
76f85819-07ab-444e-8251-97fb2baf246c,2025-04-29 08:10:29,P304,North,3351.38
7f888952-b8bb-483f-9634-260b45caadf1,2025-05-15 06:37:55,P110,East,2194.75
de0e1ef1-16ab-4e0d-8747-b683cfa0e26e,2025-05-16 18:24:57,P842,South,4286.74
ac5f423b-b00e-49a4-8533-2e592c579b1e,2025-05-16 14:59:55,P668,West,1805.37
07288e35-56d5-46da-bd0b-9eb7a3b8eb12,2025-05-03 13:51:36,P648,East,1729.74
edcadcde-9de7-4a98-9314-e7072d93fc4d,2025-05-02 07:42:27,P308,North,4843.53
409b17a5-1e8f-432a-b127-e4d73d9b4a5a,2025-05-17 00:57:42,P743,North,4422.17
a5413da9-aba1-4594-92b0-c25222121caf,2025-05-07 13:22:36,P115,East,3253.89
1f945805-7861-413f-ae4b-ed688caf75b1,2025-05-03 14:14:26,P159,North,1307.44
280d256b-eb13-48b8-9417-714ee3ab43f0,2025-05-24 00:52:43,P519,West,2908.28
26629002-5807-4291-ae66-1636440ac9d2,2025-05-04 13:22:08,P772,South,598.32
198d0a5c-fc75-4245-b723-cf7823cac354,2025-05-08 04:29:05,P767,North,2926.22
6d40d391-5334-418b-91cd-cc48b639ec48,2025-05-22 03:47:55,P308,East,794.42
b11f3256-4e0d-431c-85d4-a55c1ff2ad9f,2025-05-23 20:20:34,P978,East,3009.59
89eb8166-5306-484b-befe-9b18092ee9ae,2025-05-04 05:47:05,P981,West,2631.33
abb2dea1-5280-40f1-ab75-f2f83b4c6b19,2025-04-30 22:06:40,P981,North,3951.39
a29d645f-c055-4e0e-8bd6-6f920ec2f2a7,2025-05-17 05:53:13,P780,South,4981.36
02c63a07-8a9b-4b4e-945d-a8eabc22364d,2025-05-24 20:15:21,P763,West,2864.42
1b220e2e-4814-4522-80c2-bd45d53e5124,2025-05-19 01:44:16,P827,East,1562.13
9aeaba6a-3264-4c11-a177-b7b9146bcc5b,2025-05-12 07:41:46,P333,West,1505.7
2ef66cfa-0df8-499b-9a3a-9ae689ed239d,2025-04-28 06:48:36,P311,South,3641.49
6aba9807-0c8c-4e93-9bfe-eae0113fe099,2025-05-10 09:29:41,P768,East,4271.58
7afefb4e-85a2-4a76-99e5-e4167e04dbcd,2025-05-24 20:02:10,P103,North,1406.51
b3b5e8d3-4d17-4d4b-bab9-97d4989f4540,2025-05-03 23:55:41,P201,South,622.75
5f6e6570-34e2-4eaf-adcc-a15eb9380683,2025-05-01 19:35:27,P874,North,4788.77
eec374d2-5c32-481a-844c-85494fd40591,2025-05-01 04:02:02,P380,North,4794.99
c7b0356b-3ba6-4aa6-b2dc-4a3fe687f020,2025-04-29 06:28:38,P700,East,4138.13
886d39e9-4bab-497a-8116-3de40472efee,2025-05-16 10:43:06,P365,North,1793.36
a749aa96-410d-40c4-9498-91824128ddb9,2025-05-21 14:06:00,P308,South,704.84
51507868-0534-4ebd-995a-535c90123e1e,2025-05-17 10:32:29,P336,East,2010.09
d4f4e3e6-a946-44b9-ba31-2f44ed8cd089,2025-05-07 21:06:40,P142,North,4030.19
f90764cb-bc36-4a93-8ff0-8f5900a0c255,2025-04-26 20:51:43,P543,East,1006.49
8ab750f5-3339-47f9-b7b0-8971ed2da2db,2025-05-26 04:06:24,P172,South,4354.76
d9873877-9513-4770-a85d-ee98e391becc,2025-05-03 03:16:07,P737,South,659.86
e7411817-e75b-4ece-899d-f48d7cc82b2f,2025-05-23 00:45:45,P938,North,1101.1
549891c6-d897-47ab-a5da-cf1fb8c8a0fd,2025-05-08 01:27:09,P283,West,2783.12
46b6c22f-efd0-47bc-82de-8ab81090e8e4,2025-05-24 06:54:33,P772,North,1843.77
ba5c0cca-2c13-465b-ab81-ebc490341d99,2025-05-02 17:27:48,P218,North,4278.4
18e4a700-8c48-41d1-b554-ca7395ceeadf,2025-05-23 06:27:14,P726,South,748.96
96c70dd2-82fc-4506-b044-197d7a3b2164,2025-05-16 06:48:56,P783,East,1253.11
fcd0b734-047c-492a-bf06-fa9d3378db90,2025-05-02 09:59:16,P461,South,3471.24
3e6a7f93-b2d4-4d1c-9a47-b6b5f28ff146,2025-04-27 23:45:47,P341,West,2149.56
fefc873f-87eb-4a6b-a31d-1da9afb93565,2025-05-26 07:51:00,P155,West,1447.55
ca91968f-b895-4f41-ab5b-e4cbfe6f7e00,2025-05-07 11:42:21,P975,North,2424.14
c20c351e-ed52-49d6-a530-f73d9c1da0b0,2025-05-10 21:19:57,P838,North,3302.87
b196e66c-48cc-44c4-8ba0-6de1b9907f49,2025-04-27 02:11:52,P763,South,4065.0
db335535-331f-4f73-ae70-0423ad7cc6b2,2025-05-03 01:52:52,P749,East,1646.79
b8f5a212-9bc6-4c6e-af9d-8e67c9003be7,2025-05-04 10:17:05,P386,South,4107.41
b06050a4-6676-4d0a-b718-ab29758e3e22,2025-05-13 22:38:11,P918,North,1426.77
29e1d8a3-499e-4aa4-b473-6329a020aa0d,2025-05-05 23:15:37,P639,South,2940.3
76b16b26-76bf-49bc-98cb-b2ee6468912b,2025-05-08 13:40:02,P115,North,993.8
b08a9760-46d0-40cb-b740-374edb63bf59,2025-05-09 05:58:48,P279,South,3212.67
e73d84a9-d66f-4c1b-99ce-f239ae4babb0,2025-05-01 10:02:25,P264,East,3923.31
2e949155-3875-4409-a4d4-583719ef5ebb,2025-05-09 09:55:03,P854,North,1535.39
b6c54d49-7e6f-4cb6-82aa-ff33bf7fc7ce,2025-04-27 01:21:39,P135,East,4359.84
46e6c010-1ca6-4214-8935-bd51b967c7dd,2025-05-22 08:12:00,P294,East,732.84
1f9e1265-47f6-4492-a38e-b98df092983d,2025-05-15 21:13:43,P531,West,1202.04
1281ac89-9e23-48b5-8789-a03710813632,2025-05-04 15:38:44,P953,South,1607.48
e63061f6-22b8-4669-b4e7-32d115739bb2,2025-05-03 07:47:28,P317,West,2027.87
bc602f7b-b51e-4d10-9f5b-46eadd0462e4,2025-05-12 23:21:09,P105,West,4522.07
0e8d9e6b-e4b2-449f-8347-94d021b432c8,2025-05-09 15:46:03,P928,West,3545.28
678c6435-d3b6-4d36-8a59-2227e1c6eab9,2025-05-11 13:15:57,P832,South,4655.15
86ef04ce-7a27-4b47-91c2-61dfcda75861,2025-05-01 19:42:41,P279,South,3081.05
e320d9c6-1dea-4064-9345-251c5dd2db86,2025-05-21 01:38:44,P628,North,4713.46
af1a94f8-f63d-4a0e-a914-63728fecccbf,2025-05-21 17:22:14,P239,East,4343.98
80ab858c-9d26-47c5-9f0e-b136cbba1e35,2025-05-02 00:19:59,P400,East,2593.07
2e92271a-bc81-4584-9e2f-731be537dd43,2025-05-18 12:50:07,P550,East,1346.43
be3fa985-1439-4e77-8638-06ff955a6738,2025-05-22 02:11:44,P406,West,2196.56
7b48df86-3279-4a10-9f5d-089198538496,2025-05-18 14:26:05,P499,East,2906.81
c2a47bfd-9b53-46d7-8961-49c4fba6a67e,2025-05-08 17:29:29,P149,North,4245.25
adb0401c-aa8f-4f90-b5be-6301b7b041ff,2025-04-29 18:02:28,P482,West,1546.06
85d5395f-381b-4187-9c1b-d30a04ded3c4,2025-05-02 03:47:24,P188,South,2571.79
e0653943-57c1-49ab-91ce-450def023d3a,2025-05-08 06:30:54,P698,West,3606.01
06387f39-c5a7-46e9-a420-addf97f1c6b2,2025-05-16 03:01:10,P890,South,4591.01
2d1f5e73-f226-4593-b6f2-6d6dc34e9b2f,2025-05-04 05:06:01,P954,West,957.44
0c6e7c93-0efe-42bf-8fb4-e72f573536eb,2025-05-11 18:41:42,P478,East,3002.24
616c4dcb-566a-4c78-b035-01ae92faed14,2025-05-12 08:14:44,P377,South,1063.51
69d54c50-0977-4b52-8d59-66f238525c0b,2025-05-17 06:11:21,P217,South,1320.81
14dc609f-333c-45be-9285-5f8e1f387c29,2025-05-22 07:50:29,P577,South,2865.8
3b20287d-daba-4053-b1a9-244d3a5b345f,2025-05-01 19:32:45,P344,West,623.97
a39c4efe-4cd2-45e8-a8ca-9226d033b2af,2025-04-29 18:47:25,P764,South,3841.52
58407415-978f-442b-bc38-0e24957d2369,2025-05-22 01:06:01,P252,North,2775.85
7c7d9bc0-2842-43b0-9a47-b0d60ff1965e,2025-05-01 09:10:09,P150,South,3538.98
428483c1-9a3e-4036-8787-c1cb42b1b011,2025-05-03 10:53:38,P784,North,1669.36
b0b282b3-5e33-4d16-8d3d-7d2cbe746e13,2025-05-14 15:09:57,P795,East,1900.94
9939c576-9242-4889-bfe7-08b37e591611,2025-05-04 08:07:49,P936,South,2575.03
77a6235d-2111-4dc4-9a8e-bca35b6076ca,2025-05-21 14:54:13,P378,West,1663.6
f058d175-8841-431f-be6c-8c36d3898588,2025-05-20 17:02:05,P481,North,2318.19
35ecedbf-9ddd-446b-9d23-be93bb7b53ad,2025-05-18 19:58:39,P133,East,4299.19
01a8c4a8-f986-491f-af9c-28ebaa17d6cf,2025-05-22 02:18:40,P867,West,4917.96
b3af6163-d554-4b3d-b66d-2feb5bab2897,2025-05-21 17:35:47,P497,South,1072.35
73cd21b9-904a-4a56-b163-9238f68945dd,2025-05-04 00:40:00,P394,East,2673.07
4cd4a1da-edb0-4594-bf13-a0914dedc165,2025-05-01 00:12:43,P373,East,2124.61
4a0eaf2a-2c72-4e33-891e-b8aef1e4ba8a,2025-05-24 09:51:48,P952,South,733.85
2c2d0875-bf8f-42a3-9eba-39d2e538997d,2025-05-04 10:46:44,P457,North,4716.91
16f7ff86-e4fe-4335-8f67-b4db05cc3417,2025-05-03 06:37:23,P493,North,4659.63
2d977fc2-ee06-41f5-aa5b-0f6645fefe80,2025-05-10 09:52:16,P546,East,2222.07
be462a83-21b2-4b6f-80b8-9613b4ad833d,2025-05-06 08:50:08,P247,North,2010.0
67421ff3-c9d1-44b9-9b26-a3d7839a9f7e,2025-05-18 16:34:25,P921,West,4560.74
aa553ab7-68bc-4964-90db-59b239afe45a,2025-05-23 08:01:14,P468,West,2710.49
9d7803c6-d378-495a-ae72-bef16f5c7b62,2025-05-06 12:15:03,P878,East,2716.61
9e329d4e-5f29-40db-884a-11144b8e5c43,2025-05-10 13:57:49,P249,South,4182.48
48b8ac20-1447-41c8-8fea-41e19de494d2,2025-05-03 21:14:17,P820,West,1380.92
45ea0a95-d831-4362-92f6-d3ceaa68d733,2025-04-28 08:19:18,P609,North,676.38
ea4ac2b6-d51a-48e6-beea-2c88d9534ec0,2025-04-29 14:16:16,P170,West,676.35
90ba01c4-6f4e-4f3b-8357-981a94ae79f5,2025-05-03 20:22:18,P848,West,876.98
442eee00-e22a-4784-85e0-8ffe7dcf4dfa,2025-05-04 19:50:51,P839,East,3475.58
2b73bd9b-f137-43b5-9a97-4d259fdd4e97,2025-05-03 02:08:42,P594,East,4387.69
6648b1e6-356b-46cc-894b-9a715c0be288,2025-05-06 08:35:16,P913,North,4872.99
e63a983f-f175-49e0-8834-54d2dac9e980,2025-05-24 19:03:14,P764,South,3727.42
deb2c919-b1cd-448c-9f76-5e40b456af61,2025-05-13 13:11:23,P516,North,3845.05
5d0ae8d6-aa6b-4d2c-ba7b-3f575010f32e,2025-05-10 08:32:23,P644,South,2850.93
923e806a-62be-4dd4-8125-a5842a730bbf,2025-05-11 10:19:29,P595,North,2200.95
11e6aa70-e5ff-464d-8df6-579bb33383ce,2025-05-10 04:21:38,P592,North,3551.95
8ffb185e-0d04-45d5-a192-78471691786f,2025-05-10 22:39:42,P317,East,2221.29
8b0d1c4d-33df-4c7d-8c7d-e45592f4e7b2,2025-05-21 22:01:20,P943,South,1250.89
6ef5932c-f8e1-47c1-8861-3898de521ade,2025-05-03 10:08:36,P397,South,3362.29
d3eadb51-6d4d-45b4-a957-4115e895b3d8,2025-04-28 18:16:35,P322,West,2155.62
301ef5cc-aec4-4481-8f69-789c6c769476,2025-05-21 20:22:06,P270,East,2814.32
c015c4fa-165d-4905-ab16-591e9482b29d,2025-05-17 12:33:55,P503,South,2289.52
0914c5e0-4200-49bc-b00e-6b49a3cd8e52,2025-05-20 09:38:55,P296,East,4003.52
a9f20aef-415d-4c0c-bbb3-7f19dc76e65e,2025-05-08 13:55:50,P219,West,3747.43
7933b722-eb6e-47cc-8312-d26dc7fc5e89,2025-05-01 00:25:13,P370,East,597.98
ee11812d-1a77-4e55-b0c5-130b576c4e37,2025-05-12 23:52:10,P813,South,4507.1
f5fd3066-a20f-48a7-a108-d2a597af9199,2025-05-09 11:08:06,P774,West,2659.73
80aa50ff-6603-4375-a0ce-ac4c5548c4e2,2025-05-19 07:47:26,P683,West,1671.13
f3726144-383b-492a-9a4e-f0c20ee2ef33,2025-05-24 22:47:01,P680,South,4124.73
3249db14-e6f7-40dd-9fc3-9437682d9757,2025-05-22 13:46:10,P554,West,2163.75
90584281-ebb9-4910-bbe8-70462bc8a778,2025-05-25 02:52:54,P878,West,1765.39
ad0cb111-d63c-4599-be73-2f8e79408937,2025-05-11 17:52:37,P900,North,2851.38
898ab257-f1fe-4089-816b-aa4a36f64aca,2025-04-28 13:36:29,P662,West,3746.77
d3b587e4-72da-4592-bbbf-fec260fcd364,2025-05-08 15:43:52,P164,East,2291.5
900d0e89-4c85-4b66-a455-336789a761e1,2025-05-10 08:10:07,P993,North,2605.61
e946a02c-a622-4eae-8e2d-95be3ae66f47,2025-05-14 20:14:46,P211,East,2156.71
af348dc1-0a0a-4807-b6f9-514de483a382,2025-05-06 00:49:49,P638,West,3957.48
a5bcdea0-6c85-4aab-be35-7c43d9548c54,2025-05-10 09:07:34,P186,North,4092.87
6cab5896-96d6-4d0e-bc84-0e70e354b17d,2025-05-26 02:47:13,P404,South,1752.53
dccd2ef2-1b57-48fb-b634-50b7894c9d6d,2025-05-24 01:42:38,P827,East,4092.47
bec4f144-8b41-4c6d-9c90-e542f6a58c2f,2025-04-27 11:01:07,P908,East,4543.85
9740efd2-aaf0-4727-9bc0-b67067ecbbfc,2025-05-16 10:54:48,P321,South,4812.76
02cf84ed-ec10-4f22-bc13-8405601f2cf2,2025-05-24 01:37:03,P368,North,2202.13
1eac629d-bbd5-472e-9f69-049e1f9c989c,2025-05-14 12:13:06,P388,North,710.87
a76a71e0-dbca-4bbd-af5f-a8f819ac06a5,2025-05-13 07:27:43,P584,West,3316.12
7a54b5c5-e68b-4ed9-833b-52f9d5753288,2025-05-25 17:37:59,P650,East,1620.54
396a292f-5afa-4dd3-adc4-a59b21e03107,2025-05-04 22:59:17,P506,West,619.22
90933441-f376-4714-9efb-6d0067f4935b,2025-05-10 17:56:08,P789,South,1935.0
0e9c767d-47b9-4fad-93e7-bee242370495,2025-05-09 03:15:02,P453,East,1625.63
61a820ef-d174-4bb2-bf7b-3b2165c28f55,2025-05-13 09:17:02,P611,East,662.35
4af4955e-1ef6-4b8a-b04d-53309af79734,2025-05-11 10:16:33,P479,East,4181.85
23699378-2211-40a1-8574-6469a85b52a9,2025-05-11 01:58:59,P748,East,1945.09
5059ea4d-9a4d-429f-ace4-b3a0c3adb711,2025-04-26 22:39:30,P903,North,3818.03
f9a7d5bb-178c-4141-9eca-22db10b3fc78,2025-04-30 09:32:14,P629,South,4521.64
c57769e1-cbfa-4207-a95b-2ef3a51aa659,2025-05-14 19:55:25,P300,North,1525.22
1b4ae85c-5569-4602-b070-a9e4455a03b9,2025-04-27 13:10:18,P779,West,1013.79
95703bb7-4441-4f36-91a3-3141d64d89e8,2025-05-01 23:48:56,P417,South,3526.47
397681fd-9c94-48b8-9057-5795191a3060,2025-04-29 20:35:39,P674,West,1954.98
ba303880-40d5-430a-a91b-8ff2a57c6c1f,2025-05-17 16:29:13,P844,South,4355.09
3d0ec570-2707-41ad-b604-5b3818799afe,2025-05-11 00:12:25,P733,East,4491.16
99a9e575-b23d-433f-bc6b-43a1bc685a68,2025-05-11 07:29:40,P513,North,2862.28
98493bbb-a045-4d1e-9ed3-3e038efb41e3,2025-05-03 07:02:44,P428,South,3964.15
be7324cf-469b-42e5-b0ad-6904bb7ca2c9,2025-05-11 13:52:35,P293,South,4831.18
ff8fe779-0e09-403f-ac92-bfc4cd7c6257,2025-05-10 10:21:03,P746,West,2755.87
695d2e4d-cae3-44ed-8c9b-099901ee8a72,2025-05-07 18:37:40,P107,North,3425.99
0d7df56b-fa34-4a7b-a156-a74891a4d700,2025-04-28 09:44:31,P414,East,2234.02
d744406b-a4cf-4855-af9b-23d4a91fb469,2025-04-28 18:18:10,P128,East,2454.4
043e10bf-acbe-4b09-9aa2-4c1e768489bc,2025-05-05 02:45:21,P118,North,863.36
e37154e8-ef8a-4b19-bb91-8e93fb25df31,2025-05-25 05:25:32,P793,North,3959.0
d73c2fae-137f-44da-afbd-d687e0e1858b,2025-04-27 05:03:38,P285,East,939.58
2a5fe6e0-d9f2-40f2-87de-5ceeab3f351b,2025-05-04 13:45:06,P816,West,4385.37
4f231519-4204-43cf-b3c6-3f8ba59e6e6b,2025-05-20 04:41:26,P804,South,2209.02
404de7ea-b8ad-4ae0-9560-821b0f4a4ee5,2025-05-08 08:43:29,P167,West,2748.56
7681a08f-57e4-494b-9ad5-13efa26a116f,2025-04-30 03:43:33,P756,South,2198.53
2fd04255-a36b-482e-b0ea-d4d8bf8d67d6,2025-05-14 05:06:49,P466,East,4873.37
7626cab6-7927-445f-8bca-13bc8a5da1a0,2025-05-06 08:14:55,P807,East,3312.03
82ca4180-e7fd-4f16-bf78-534e066a881d,2025-05-25 18:10:09,P153,North,3372.33
b4d4f7dc-9e9f-4ce0-a03d-4a44656febfa,2025-04-30 17:54:29,P673,South,2417.92
0eadfc76-62a1-408c-8a32-0a1c07103ae0,2025-05-11 05:26:02,P992,East,1762.24
3d081690-bb3c-482a-b8b3-b660c0bc84f2,2025-05-19 13:19:09,P145,North,2521.05
434f3db2-7cdc-4fe0-8841-e23a982030ae,2025-05-19 13:42:05,P290,North,1957.32
61dff047-a442-4288-a7e7-b12e4fd6d00a,2025-05-24 08:53:45,P271,South,1695.88
1ff4c62e-8c94-4446-bc30-6b4fdf836b6b,2025-05-19 00:01:39,P555,East,881.41
cb73b82b-d76c-49d3-bc02-81620200ad5a,2025-05-09 03:44:12,P826,North,2823.37
79574ccf-8621-4a91-86ae-24a8ed6d1123,2025-05-07 10:32:52,P890,East,4440.9
a0fc606c-3586-401d-9744-a76c19988a3f,2025-05-06 18:09:54,P821,South,2661.95
c2031997-96a8-402f-924b-b50425f20acf,2025-05-13 18:22:31,P130,East,3899.35
3b178be1-8e42-4525-86ab-06db2cad9114,2025-05-15 12:21:17,P572,North,4992.12
3f7654eb-6f20-4635-ba7b-4198a8275294,2025-05-19 23:20:47,P534,East,694.36
bc22a0e1-24b8-4536-a9dd-ca919e6167e4,2025-05-22 10:50:13,P807,North,3681.32
46aea475-8a06-480b-8151-f69df34e1c41,2025-05-07 05:45:50,P199,North,4165.76
dbfd65dd-b6cb-49d2-90e1-ae71aed24849,2025-05-25 02:47:21,P634,West,1213.32
d5e79dda-0406-44d9-b5d8-4b1fd9330a3f,2025-05-15 21:14:16,P307,East,3681.48
f175e2b4-014c-4fea-a2fc-44af5549d65f,2025-05-16 07:24:34,P218,East,1972.27
6b13de4d-bba8-4e54-841a-e4ae8bb41a65,2025-05-18 03:38:00,P843,West,1941.72
83547dd0-7219-4ea4-97c2-115cdda8e767,2025-04-29 07:25:53,P689,South,3126.2
d98e6120-23b0-4beb-aad6-373d8ab9afab,2025-05-21 17:41:21,P593,South,3966.56
d3cdc87e-f074-443e-86c4-29cb8206b629,2025-05-21 20:16:38,P941,West,3454.6
c3452fb9-0875-4018-87db-97e4c981de49,2025-05-02 17:40:14,P746,East,2336.91
b3c8ae5f-7ee8-412c-9ba2-c8571773cc18,2025-05-12 03:11:08,P623,West,3258.17
9ba5f290-d70d-40e4-9ee0-3a8ef8d81235,2025-05-16 12:11:56,P276,West,1851.14
d424f27c-c40f-40c3-acd9-db3d67d63810,2025-05-13 00:26:25,P605,West,4442.52
282e121f-cf95-4493-b50a-7be2703e5cb6,2025-05-21 05:38:01,P912,East,3355.21
6c252f05-446e-485e-a36d-90512cb27a8d,2025-05-14 08:32:44,P892,South,2096.53
43d3de93-8af5-462a-9147-5d694defa454,2025-05-02 12:49:58,P296,South,1841.91
cc0022eb-55ed-47d2-bd4f-50989fbb71c2,2025-04-29 21:21:43,P278,South,661.58
76eec4f2-0e03-471c-a628-fa4c98716f22,2025-05-18 07:34:38,P966,South,1591.97
13e5ec71-ae44-4756-a6b8-05c5fd025d1b,2025-05-20 12:44:15,P505,North,1512.88
2ae650ea-137b-4a6d-a652-a1406498799c,2025-05-04 09:29:57,P251,West,2483.26
85077321-bee3-4e18-8c18-f95150b03873,2025-05-10 11:19:32,P915,West,597.43
520c6782-408a-4d31-bd4c-5c27810f257e,2025-05-06 17:57:35,P326,West,2874.2
cac947ba-6a01-478a-b6f3-cef646c5c6bf,2025-05-18 23:16:46,P294,West,1434.49
f6d1e30c-ac1c-4fa5-9c1b-49dbdf84f5a0,2025-04-26 23:23:11,P103,West,3750.27
2b6a363d-e4c8-4519-b987-52b4a7be4751,2025-05-22 00:49:03,P363,South,3973.21
8e88c3ac-076c-44ab-9509-5190be499e89,2025-05-02 10:44:04,P752,South,3409.23
6e76c551-1268-4915-985f-8824f1ee4058,2025-05-20 16:15:48,P452,West,4769.84
1f65e55f-abc6-4202-a337-6920c1c02e75,2025-04-30 04:35:33,P465,West,1955.64
c34197a3-aca4-4ece-a8df-17065e47be31,2025-05-21 05:26:18,P451,North,4236.54
84a6fc7e-dad8-4b9a-a2eb-424df1a82556,2025-04-28 19:53:22,P100,North,3132.54
cef36dc3-de63-4804-b183-7e261b749e5c,2025-05-15 22:38:53,P862,West,869.6
a68f3c64-bac5-418e-b5b4-27f0d770d760,2025-05-20 19:12:47,P100,East,3740.36
c8a1ff03-8bdd-4106-ab82-4608f37d66cb,2025-05-17 21:35:11,P288,South,1819.31
e0309bf7-39f8-4e45-b7cf-6239d60adf10,2025-05-16 19:34:14,P936,North,4883.19
fda39a6e-c1d9-43a6-8994-98c5b7d204bd,2025-05-18 16:44:38,P286,South,2172.9
93132682-8350-4961-9fe1-768b809e6546,2025-05-05 05:12:42,P404,North,2621.27
8b4c9217-0017-40d4-b22f-cbdedcbe93d0,2025-05-16 20:10:27,P764,West,2133.61
812c7000-cf18-4382-aeff-50cfb38a3c47,2025-05-14 03:15:25,P698,North,1485.06
b9f0664d-d17c-45ea-91bd-48361f887b98,2025-05-22 02:25:35,P244,South,3023.98
9fc22c0d-e418-4751-9043-2186dac5bb9c,2025-05-06 03:00:56,P302,East,1556.19
f540d985-d045-49d9-9b67-7c1819254677,2025-05-21 17:53:35,P928,North,4776.13
d95ce473-1c34-41e9-aed5-e033d5be0c8b,2025-05-04 05:50:18,P617,East,2083.19
daef8c11-1bc5-4fae-8000-fbd65b82eb38,2025-05-22 21:51:37,P887,South,2846.33
725f1066-126d-4953-a53b-31e276c6fba8,2025-05-15 00:55:28,P598,West,4092.89
6db85c94-b99e-4bea-b2d3-cd71e57b6d12,2025-05-21 15:04:03,P946,East,3127.63
700de188-0da7-46ac-b3f7-64e0b19d4e50,2025-05-20 16:57:03,P832,East,1230.05
a3ce5de6-3752-48e8-8233-51cef8db23ae,2025-04-27 19:43:59,P604,East,1998.79
6a8b728c-0d42-4fe3-b811-80dc6ef24173,2025-04-27 17:17:33,P638,West,1826.8
2209552a-4892-4876-950b-ce37449fe995,2025-05-03 13:04:24,P959,East,1509.44
11f361cb-af8f-40c1-a04a-55cec517e9f0,2025-05-13 10:13:55,P903,South,4762.22
65a3f430-3fd5-4b7b-92f3-1986298b0b76,2025-05-13 14:22:05,P491,North,4610.79
18bcf1f8-c025-4c75-ba12-e1eea0a58697,2025-05-24 09:37:24,P731,East,1268.26
8c06bde0-84a3-4f4d-aa46-e3734954a914,2025-05-13 15:05:09,P692,East,2108.85
22390334-6e55-432e-b807-d65b89407c0c,2025-05-21 10:11:54,P372,East,4484.78
5886ca0b-07a6-4d3a-808b-7ba335a1e5ee,2025-05-02 16:07:27,P902,South,2662.08
bdc254e4-e131-4c79-b109-0e50cb3c7986,2025-05-01 13:29:08,P746,South,4189.06
30a7d009-f1b2-4ef0-b1d7-d6d7b72d84ae,2025-05-19 19:41:17,P119,West,3224.23
780d7c20-d70e-4fe9-8c4b-61aaa562b12b,2025-05-12 14:19:03,P454,West,4794.64
1e862de2-bd9b-4edd-a172-a5f951296ef5,2025-05-07 05:34:39,P856,West,4818.71
c64243f9-8073-405d-87ba-ef4661db0132,2025-05-13 21:40:27,P788,South,2421.5
b4801af3-d5a5-4e56-a5f1-9e14db42d9cc,2025-05-04 22:57:44,P416,West,1148.69
4dec9acc-cdd9-4bd6-82e2-29ac82affdb7,2025-05-07 14:24:38,P468,West,2436.4
f8e3adf8-0c2a-4ff1-8a10-c6fae8358ffd,2025-05-16 17:42:27,P496,North,1585.39
2f649779-ca23-4b17-9da7-1bc535ba037a,2025-05-09 22:59:24,P460,East,2800.15
538f36b1-bd1c-457b-ba90-a77f86a22da4,2025-05-15 02:28:36,P827,West,2449.95
d5f115b4-3e5d-4e75-b2d9-f96aec56f541,2025-05-09 19:19:31,P312,South,4934.82
23596497-b8af-47aa-8314-bfe4d1600023,2025-05-22 17:04:20,P599,South,1841.18
4f5cc54a-fe1e-492b-8214-a862c093f4bc,2025-05-24 17:36:54,P412,North,2825.19
8e9ef8af-9055-4d9a-b7e4-d59e3a55cc59,2025-05-18 23:08:51,P318,North,4266.61
6d9056cb-8add-4e3b-bd3b-0de94a1c77cd,2025-05-07 12:46:17,P238,North,4855.16
8db2d704-955f-44cd-bc2b-c133d1215c3a,2025-05-04 01:13:55,P209,North,2039.24
488e5fed-fc74-4bc5-bcb3-983124b2b1c8,2025-05-17 03:58:52,P104,North,2469.5
2562921e-77a7-4eb8-933a-9a028959fc2e,2025-05-11 12:30:16,P518,South,1441.0
b8f8e786-bdb6-4b50-9efb-d81500478eea,2025-05-06 12:12:14,P289,West,1046.73
8e540af2-7ae7-4d1f-b71d-dbe5db13d879,2025-05-18 08:07:07,P235,South,3125.64
f2c7d561-08ae-4867-ae10-16dc73c5f594,2025-05-15 18:15:25,P124,West,4444.7
76a81c00-5ee6-486e-8152-83d4174f833d,2025-04-30 04:05:42,P113,East,4971.14
3be5938c-c5b3-42bd-abdb-e5b3e1784d9f,2025-05-24 22:57:43,P145,South,1356.44
f62dcaf6-a129-44d6-8a57-344f331d1782,2025-05-18 03:26:11,P764,North,905.02
e2300a0d-b1cb-4966-98b3-09eed73a9739,2025-04-26 17:37:58,P478,North,1997.5
5df1bdf8-eaff-454a-927c-8895a1b6d340,2025-05-14 22:03:04,P198,West,1049.08
7d53f13e-7c8b-40db-9e54-bfe107b01d12,2025-05-09 11:06:25,P710,East,2866.56
606c1e5a-fbbb-4e50-977e-cd24262692c3,2025-05-03 22:03:15,P126,East,4447.12
29bb8596-1960-4e62-bf85-34ed4dab5403,2025-05-05 06:45:36,P698,South,4186.41
eb439221-6837-41d0-b736-b59b5e7a13c8,2025-05-16 10:50:43,P863,North,2936.87
f59284ec-dd8b-4653-a37f-a3e2db305c70,2025-05-06 04:15:31,P603,West,3408.8
146b9290-aa77-4675-b1c3-ed1244e70a83,2025-05-14 03:39:35,P534,West,4543.4
4f133d37-7572-473c-a7a5-b7ac9ce335a9,2025-05-12 08:28:49,P822,West,4394.0
bc152598-cffe-42c7-a1f9-aaf472354720,2025-05-19 01:23:08,P558,East,3678.69
66bbad5a-ccdb-4688-9038-bbd1521b1ed3,2025-05-23 09:17:33,P843,North,3774.04
fed2d7fa-38f2-484b-ac11-7bd5d93e7c06,2025-05-16 04:42:36,P658,West,4008.67
0fd91c05-edcd-4fb3-96c2-347eda7e273e,2025-05-18 14:37:42,P229,South,4150.34
59746685-84b3-4540-98ad-b85edadb1b6e,2025-05-21 21:54:19,P475,West,2028.15
41f09ee6-d2ca-43a7-87ac-c0f295b41003,2025-05-17 07:31:42,P667,North,4089.09
46b0dc64-06ee-40bd-b2c9-384e767ed2bd,2025-05-20 16:05:13,P902,North,3926.32
6efb03b4-32d4-4d47-8371-3071c66a9a8b,2025-05-17 03:33:30,P783,West,561.12
e4d9dc8a-fa72-4a98-9bd9-3f676104d6e6,2025-05-08 09:33:08,P514,South,3962.87
52123879-b18c-4e47-b140-54dc13f1ff48,2025-05-10 07:44:55,P192,North,1635.71
f2b523c6-e2b3-4e31-ba4c-498f3bcae4a0,2025-05-17 05:59:17,P402,South,570.01
52421bbd-0a05-4d1b-808f-19698fdc00b5,2025-05-13 10:37:10,P317,East,1911.26
4a3386f9-2d9a-434a-a940-7445e63e5363,2025-05-10 04:14:32,P201,North,3068.78
ac793088-8bdc-41a2-85cf-e9a2e17bcfee,2025-05-03 01:35:36,P406,West,4799.61
2a5717a5-21fb-47a6-83f3-4e3920a66176,2025-05-03 12:13:23,P414,North,3085.1
77634d31-cab5-40b0-8bfa-8c08ee262083,2025-04-28 09:01:46,P905,East,4658.51
d3799947-5a5f-4fe6-a0dc-66dacd4aa4dc,2025-05-11 10:35:05,P492,South,3297.57
8c1201dd-490a-4938-a68c-3d1236438729,2025-05-18 01:18:53,P127,East,933.7
0bfd6f3a-b71a-48a9-891f-f1b7c00d478f,2025-05-17 18:43:22,P570,East,2376.23
69639195-1916-46d2-9061-2321f0ab872f,2025-05-02 09:03:36,P572,North,3222.09
c625c1d8-4547-4f8f-bbdb-0b847501068d,2025-05-10 20:14:25,P393,West,1373.88
cd0a8842-1e2e-4f65-8b09-5b21821fbc47,2025-05-14 17:30:35,P363,West,3231.45
c9188df3-9913-4bb7-b9f9-073bebb6855d,2025-05-13 16:25:04,P278,East,522.88
d76a1ecf-9bd6-4f6f-bd1a-c7dd3cf9b4c1,2025-05-01 09:53:16,P828,North,2444.6
195c6afe-5262-4f4b-a71f-d2689607d28b,2025-05-20 10:25:51,P596,East,4144.7
c9debaf6-5468-40e2-aa74-aa2f49188e9d,2025-05-12 03:49:42,P978,North,2071.41
3faf23a5-50a0-4c87-b707-d61bbae40813,2025-04-27 08:22:21,P746,East,3030.9
a8461cf4-2117-4b8e-b88b-82bbd45d9d3d,2025-05-26 14:58:14,P438,North,4450.1
010f7cf7-24cc-43da-9b3b-ec6e1b937547,2025-05-16 18:46:48,P130,South,695.58
c6b8f0c7-4b57-4d1b-ac61-3640418b6460,2025-04-29 02:28:06,P236,South,727.63
7a2d649d-4684-4a37-a25d-9ca87654a5e7,2025-05-23 04:22:06,P876,North,2080.07
1c22a20c-4b14-471d-a32f-dbc1e0bec74f,2025-05-23 01:28:34,P835,West,1895.51
63e0e9ce-c607-43bd-923f-8fcd3beb0e19,2025-05-24 21:11:20,P664,South,2381.77
06ec0ad4-8699-4355-aec7-ca1c3d17b45a,2025-05-16 23:34:31,P295,West,3076.46
c9ae3a39-a34a-420e-b15d-6cd2f3f16dfb,2025-04-30 21:14:23,P553,East,1334.64
79c65595-c1cc-42e1-bb95-47e6de146fb3,2025-05-26 06:06:37,P331,West,4175.16
2f952190-d966-44ba-a6d5-31ad21cb0455,2025-04-30 10:21:00,P862,West,2519.43
de1660cf-4268-4c00-b6fd-0425fda59221,2025-05-04 05:00:13,P401,South,3210.96
fbdcd59b-cd68-4c73-b51a-f77bd8f38ea1,2025-05-06 23:13:48,P819,East,3361.77
ef0ef038-7fc7-4da2-a013-9d08e950301a,2025-05-09 10:30:50,P220,West,3312.28
e6d21a80-479a-4726-bd49-c08182d6d2da,2025-04-28 13:58:15,P883,South,4315.87
4c3a1a5c-4e8a-4cdd-a50c-09ea5fa9de41,2025-05-15 11:41:33,P136,East,2302.69
ac69a38d-1bbb-4752-ada5-fcea404db56e,2025-05-16 07:37:27,P632,South,2771.67
3dd42508-40d9-45be-b5a8-02be328a0ea4,2025-05-20 21:10:05,P162,North,3603.34
05f6c8ca-507d-42db-a863-7add7fc36b04,2025-05-06 23:24:32,P739,East,3302.31
baf2ac2d-d694-41c1-a634-806fa2701427,2025-05-20 19:49:42,P478,South,4696.03
d80de752-9230-42e1-839b-7f0d1fe7a1dc,2025-05-05 07:14:16,P531,East,2050.15
4bf1728a-c360-4da4-aea7-778357891f85,2025-04-28 07:29:10,P199,East,4107.74
93037027-0705-4f82-b72a-f9d6777a5963,2025-05-11 15:27:55,P881,East,1736.8
b6d8ecd0-9644-4b13-8db3-d7ad60e4fc15,2025-05-19 10:47:21,P447,South,4967.47
8db9f09b-06e5-4d22-ab9e-954ff07ff77e,2025-05-11 01:33:52,P438,South,1558.3
f8b81a9a-3752-4803-97b5-a9a3acb7a0c3,2025-05-22 12:46:48,P195,East,2276.3
e9b3d704-fc1f-46f8-8fd7-0df74e649d70,2025-05-01 00:19:55,P648,West,4160.71
49f47808-0a2d-4b4f-83e0-ca822c1fd179,2025-05-25 01:17:15,P998,West,4807.53
2850ff38-5483-4a5c-a69a-5940bddd4312,2025-05-15 05:28:15,P926,South,1045.84
18a009c2-9716-4475-94bc-3321f34ef9fe,2025-05-20 12:57:12,P417,North,2288.08
c22b2db3-64f6-4595-9389-21bfbdfe4d29,2025-05-14 09:24:20,P626,North,4918.41
bf9f7de5-3aa8-4500-b39d-74b9f3bbfe57,2025-05-01 05:19:19,P874,East,3421.91
14b297d0-0828-4370-acf5-be1bf7a3398b,2025-05-18 03:56:52,P989,North,2827.98
c90876c1-e730-4f34-a3b4-01f2131395e4,2025-05-09 14:49:12,P521,West,2749.28
bf7eb735-efcb-43af-b251-07c1166585a9,2025-05-05 14:34:57,P128,North,2130.15
fc6f647c-5be1-4f59-ae95-d4882a209a67,2025-05-15 15:16:23,P788,South,4353.86
bb49f807-2f85-4f98-831b-4c20e65dc6a3,2025-05-10 19:14:20,P840,West,3045.01
95d3bf6c-9f25-4829-92e2-47b8cb6e6cba,2025-05-10 19:15:59,P333,South,3267.21
6b1f2deb-1689-4e82-909c-a6f66c856627,2025-05-12 22:04:35,P290,West,3535.46
48417bbb-d753-48c3-9dd3-948c2ef5ab8a,2025-05-09 00:16:25,P353,North,708.56
3dfeb549-902c-4af0-b269-033787426979,2025-04-27 14:29:19,P803,West,4938.74
8cf744be-10d6-4d2f-b06e-2fab46b4d10c,2025-05-21 04:16:59,P919,East,1658.65
cc7c04f3-1259-446e-a32c-ec88d9bc94e7,2025-05-17 11:14:03,P280,South,2920.94
12ac0c71-1fe3-4919-9314-3c8ae19c0b51,2025-05-24 14:34:57,P158,West,2213.75
fb216e0f-3ad3-492f-ac1c-48e13868b585,2025-05-18 22:55:41,P433,North,1570.93
1950ff7e-ceec-4a12-b7c0-3302a46e38e9,2025-05-05 16:22:55,P364,North,4420.81
6ca28ab5-6371-441f-a2be-72b45f6d47e5,2025-05-06 21:50:36,P427,East,2109.15
965f18e3-f392-440b-9f94-2c4bdbf9ce1b,2025-05-23 22:07:23,P400,South,3058.18
82a5930f-530b-42ff-8022-394cf707aea3,2025-05-09 21:01:37,P386,East,2434.29
6b330a25-c484-40e3-b3e3-3f3c75481fa0,2025-05-21 02:45:44,P132,West,3622.75
9e0423ca-40b2-430a-933d-2003bb89a6f0,2025-05-06 01:23:34,P123,South,2519.13
67ff3fd2-6bc5-4e48-ac0b-6d4eff48d0c3,2025-05-21 01:56:36,P349,South,1860.69
aee7c71a-a867-40a7-90a2-901ef2a39df8,2025-05-20 23:16:21,P760,West,3702.85
755d9ed3-d720-4458-8e36-fadb6dfdb37f,2025-05-10 15:39:21,P927,South,2630.33
e9cc4a30-c4c9-400c-bf38-a58ccacd0d4a,2025-04-29 13:11:26,P700,West,1686.02
30b6ecc6-214c-4c49-9d07-ff6cb1cf5c73,2025-05-10 08:13:30,P605,East,1251.64
af617e5a-0552-45bb-adf2-880957133d43,2025-05-11 22:43:40,P313,West,4265.97
44b1b69c-731a-4b3e-85a4-adcdd7109ece,2025-04-30 03:59:56,P884,North,3816.12
9606ae59-a7ca-4115-92b3-8e3391599286,2025-05-01 01:03:34,P938,West,1694.82
5be045be-9854-4e2f-9a4c-fe17ee8ffef8,2025-05-14 02:55:32,P860,East,614.42
27d50771-b4f6-4cc5-9d43-96640fa61455,2025-05-13 14:38:57,P816,North,1781.9
efd3610b-2a6c-4d3c-ace0-96d2ba8c217b,2025-05-20 12:46:19,P417,North,1520.02
344e72ec-3c63-4083-8c0d-6b942012353b,2025-05-02 23:31:39,P184,South,1437.11
c6a838c5-336a-42e3-b50b-143ac16340a5,2025-05-20 18:12:55,P203,North,2666.43
2b28b3ba-0638-402a-a798-c6bd94716179,2025-04-30 22:32:43,P251,West,3595.0
6350b7f9-a7aa-44cb-8c3f-b9a1747c122d,2025-05-17 05:50:30,P710,East,2355.43
c6b6cfe6-ebe1-4a91-a87b-60c73af21878,2025-05-05 08:59:57,P670,East,1142.57
85fae513-6099-4a9d-9962-6e72257d7e1d,2025-05-21 15:21:25,P161,North,4385.66
41e1807c-adfd-4e4d-b9ba-cfe2b3ec9d64,2025-05-26 01:38:08,P911,North,1182.36
f7d929d5-fbda-43dc-abc6-512b8a75cb36,2025-05-12 05:19:59,P509,South,1128.88
175ed43f-e08c-4be5-8a9c-a73af133a233,2025-05-02 03:48:23,P939,South,1116.12
58d767fb-7004-4b18-bac5-51837c21b431,2025-05-15 07:35:19,P868,South,1347.53
09958a80-5479-4360-854a-7cec17819cb7,2025-05-11 04:08:06,P737,South,2991.18
9b8c3598-c5b2-47b8-9f35-28f210377d9a,2025-05-24 01:36:13,P189,East,4599.91
c31be525-5524-4f3d-9d8c-87a42a66adc1,2025-05-05 15:06:28,P547,West,4458.84
702a2c80-914f-4d42-94eb-100afb2f9ecd,2025-05-11 15:54:20,P954,West,1751.87
517d8b91-e6d5-41e1-a922-daba838405b0,2025-05-10 13:58:54,P426,South,3490.71
60e75df9-d5a3-429c-b166-c783699fb3b1,2025-05-03 09:34:09,P276,North,3102.97
10693251-a9b9-45a9-bc57-6adf81d43de6,2025-05-25 15:55:10,P667,South,1940.24
2920ec39-c588-496d-af58-aa642bd8e7db,2025-05-01 17:59:55,P550,North,515.15
ad62eace-860e-4e6a-9a97-f1c4501172dc,2025-05-17 18:48:02,P673,South,3589.05
974bf117-7315-42e1-9968-361d75079463,2025-04-29 17:35:53,P386,East,3542.84
b4e7115b-936b-4507-8cbd-618f03012068,2025-05-12 00:12:34,P243,South,925.27
b3c4a3d3-daaa-494d-b311-d4e1bbb0ee4e,2025-05-02 00:18:31,P471,West,2480.06
aff687e5-b566-46e8-aff9-d8c731c32366,2025-05-17 16:49:16,P254,East,1371.74
e2513e8a-2ccb-49d5-9bc7-cd32510b0244,2025-05-11 16:18:40,P410,North,2473.79
2703b1cd-a90b-4d81-8338-8b9f7d89d73a,2025-05-20 16:04:07,P305,West,3061.23
d0af774b-3fb2-4c6c-9bb7-bee48125392e,2025-04-30 22:06:52,P351,West,4758.56
540d5d55-933a-435e-aede-0f8a483b7f5e,2025-04-27 18:17:53,P619,South,4584.78
90b4d40e-77f4-4880-ab43-3129e370ff8f,2025-05-09 18:44:18,P131,South,2482.84
0a4ed077-1591-4536-889b-94578cda1fd1,2025-05-03 03:10:05,P163,South,4169.19
3fad2d90-c534-4abe-85e4-43c2a1d3c4a1,2025-05-05 19:05:18,P111,North,3401.02
eadd1177-adf1-4b81-8ae0-23e459f13810,2025-05-01 14:02:12,P382,South,4763.94
a6cb91ea-394f-4d91-bf1d-d510f920d8a1,2025-05-12 23:14:15,P336,North,3328.31
0d1e439e-09d1-4c56-a1e5-c540bb6c1e3a,2025-05-22 23:49:06,P633,South,773.75
ec6452df-0a06-437d-9083-399b506c8946,2025-05-13 15:54:33,P247,South,3868.67
ac36f8c2-ab56-479d-810f-c945949fcc11,2025-05-14 04:58:54,P314,South,4028.02
8870b969-4a70-4462-92f1-8ca28b1ca58b,2025-05-01 17:06:17,P157,South,2347.7
3e0b304d-c96f-4069-8c13-d4b7c9ac02c1,2025-05-17 03:36:02,P994,West,1929.48
f6b60b48-50ef-474d-a956-f7f8b01963ff,2025-05-19 04:58:17,P276,East,4874.59
60629902-659e-4093-bbfe-c99973997ad4,2025-05-25 21:56:31,P116,South,1442.37
b69dfeda-35bf-4536-a6f4-688e4b0e753f,2025-05-09 09:04:28,P710,West,3790.05
a84edec3-8606-4a2b-ae38-54f0a5d5574f,2025-05-16 17:55:53,P160,West,3581.8
d85af6df-2b0c-4be5-836d-0093fec3b8dc,2025-05-04 06:58:49,P351,South,2517.1
3354d931-2f11-4d86-9e16-d60d5c103407,2025-05-01 17:17:01,P154,North,4837.23
82477ccd-8587-46a9-b7ad-622e63df72cc,2025-05-09 05:22:23,P586,West,1962.63
b6681ccd-d833-4541-8887-932f827b7d4c,2025-05-23 02:49:51,P509,East,4825.18
1e975651-6d92-4ece-a6c2-90157b13f653,2025-05-08 14:47:23,P217,North,1548.6
7050d264-4dd2-4db2-a8ab-488abba32c5d,2025-05-17 13:02:02,P801,North,3174.42
926982b0-04a7-4cdd-917b-efeb35aa048a,2025-05-19 13:29:39,P479,East,1273.37
9ee98b1b-851b-4417-867f-1a99186f5e52,2025-05-10 12:10:20,P848,North,3229.57
3253d4c2-c87f-413f-8126-e4919e92a130,2025-05-17 07:44:19,P548,North,1711.52
c9f9af57-00e9-4393-8481-3c6354e736c3,2025-05-13 05:06:55,P765,West,3495.12
ac07db1b-54bd-400a-9c8c-72c9c2972ae0,2025-05-08 14:17:05,P570,East,2808.79
cc49c7a4-3ba4-43b0-9ed5-20f6d136154c,2025-05-19 16:48:28,P116,West,1470.76
069f3a91-7b04-4844-b254-7c60734d542d,2025-05-22 04:41:52,P799,East,1880.1
c006c49b-2c43-4df1-9816-c8aabdc51a7e,2025-05-08 06:59:40,P398,South,942.7
a51ec46b-457c-4a24-a682-c0cdf051413a,2025-05-19 09:21:18,P280,West,3103.53
1dacf653-37a2-4d10-95ce-1854922f1bcc,2025-04-27 05:53:05,P143,South,2217.58
62b38bfd-d5d6-46b2-9c64-adcfc3155325,2025-04-28 08:25:50,P826,South,3045.6
10c1bce3-02c3-49a2-9719-65532254efda,2025-05-14 20:00:32,P787,West,3646.35
45bf5d12-93b2-482a-8527-aaa7e0b87561,2025-05-15 23:21:36,P653,West,2785.19
01aab242-97cf-42fa-a1e1-0f0e2a9868fc,2025-05-04 06:57:39,P248,East,4046.74
c5719e5f-3e45-4da0-9981-0519c59e8013,2025-05-24 02:17:48,P113,West,4144.55
e5ab5607-af5c-465e-95ea-24e456c32b0b,2025-05-18 12:24:16,P186,South,2248.25
076553a4-cb7b-4852-80e5-adc2466dc88f,2025-04-30 09:16:37,P580,West,4046.98
f66e6840-8894-4b28-a252-9b23af2519ae,2025-05-17 06:38:31,P297,West,992.58
5d224e4d-f0c0-444f-8e8d-56e3f7abc1d8,2025-05-06 00:15:46,P221,East,4008.44
b7330389-e388-45a9-a224-ef004556867c,2025-04-27 21:43:34,P520,East,725.54
5fa036ea-8c8e-492f-a8c2-d18a39fd920f,2025-05-04 17:06:11,P573,East,2683.3
e663549d-855e-426c-9a6c-fb48ecdfc4dd,2025-04-27 08:01:16,P441,North,2807.19
d17ec9ae-332b-4530-9585-421faa625079,2025-05-20 19:43:12,P240,East,2609.23
083486da-8b74-4d4e-9b64-d80eed6cb05c,2025-04-27 19:25:15,P106,South,1517.53
95706ba4-d238-48c4-ac85-30639c6918d9,2025-05-08 02:34:39,P762,East,4893.0
3e98013c-7113-417b-a1d8-b317469936bd,2025-05-10 11:27:05,P262,North,1619.64
8dbc83ca-be89-4831-9b53-378692d2c436,2025-05-24 22:15:26,P190,East,1852.68
2ce74c13-2ad8-41dc-9955-99615287a81b,2025-05-16 14:49:01,P209,South,4053.32
13c4d947-6bc5-4b24-b433-7145bdded80b,2025-05-25 19:06:43,P863,South,4010.51
65f3546d-d9be-4558-b23e-eb9822cbd38a,2025-05-13 15:29:11,P358,South,609.54
e3357cdc-97f5-449e-b82d-f8fb4931f381,2025-05-12 01:26:02,P190,North,3783.78
85cf1f04-7c45-4b52-89fe-3a2303130d7e,2025-05-13 13:55:58,P394,East,4507.23
e4140683-e48d-4351-981c-4067ac227866,2025-05-19 06:58:55,P239,North,2310.67
a6eaf7e5-c0a8-4685-9ca0-7c7d9bda6aba,2025-05-02 02:58:16,P391,North,891.28
ee0eb795-77d4-4cea-a797-41342405dac7,2025-05-05 02:51:15,P468,West,1748.83
2b0065de-1d66-4d4c-a3b0-860bcb4a2d98,2025-04-26 21:18:55,P687,West,616.19
640e6f18-b685-4c41-a2e7-56dc805de86a,2025-05-20 14:22:08,P259,West,776.88
3b312c8f-d532-4c76-8e7e-365812597dac,2025-05-09 02:24:01,P824,South,4815.67
091c1f53-ed57-49a2-ac07-95ad66e5ff35,2025-05-10 04:12:51,P552,South,1448.56
d53a9ab7-db24-4b15-9f71-3318258ad7da,2025-05-12 14:10:30,P320,South,1210.42
b8f62242-686b-44aa-9445-5a0624535c93,2025-05-24 17:02:51,P393,North,4938.77
607a2e96-8645-4c81-a995-70252e4ce0e7,2025-05-25 09:16:56,P283,West,3985.69
b24be1ad-1b46-41da-9efb-2ccbdf89e609,2025-05-26 07:55:53,P593,West,3372.3
6fe73798-fd53-46ff-bd79-c1871db4ef95,2025-05-17 11:56:15,P526,South,1006.29
242bfdf5-da50-492e-aaa3-af33a6250699,2025-05-09 13:41:23,P143,West,3426.92
429df0c0-e997-4e3d-8a39-649604653e68,2025-05-24 20:23:46,P186,West,1005.03
bf4507dd-fda6-4829-abf5-6d32cf330175,2025-05-12 09:02:30,P457,East,2747.3
3c7144bd-67eb-4f6f-882e-5453ada22f76,2025-05-19 09:18:21,P482,North,4133.28
6b3dc5c8-57b7-4ee1-8657-ebac78f295ae,2025-04-30 02:05:11,P510,East,4041.42
4dfe2d36-e8fd-4dd9-8d57-030e4ee8fb23,2025-05-24 00:11:11,P357,West,3926.5
8f343629-7192-4767-b24f-473380702876,2025-05-04 18:04:56,P655,West,4972.49
64d70b73-24c3-40d2-a00f-bbb153e9c4ee,2025-05-03 05:43:13,P472,North,4016.83
8fa950d2-7950-4454-8d5b-e2a98bf0d1aa,2025-05-25 17:59:27,P481,South,708.96
95068483-e3e8-447a-927d-10dcbe5898a8,2025-05-05 23:48:37,P456,South,518.55
c94d95ae-0483-40d9-873e-6d8f07032316,2025-05-22 16:33:25,P613,East,1981.87
2c5717d7-57d6-43ed-a0d9-cba12c60c123,2025-05-22 23:22:47,P643,East,732.89
556f866e-f2a9-4b86-b85f-4752d02973ee,2025-05-13 22:07:51,P637,South,2652.34
8a95c3e4-b1ca-4833-8653-a6eb30e7cb70,2025-04-30 07:45:14,P993,North,924.41
8561e2e0-121b-4968-a15f-ac942728588e,2025-05-09 23:50:41,P654,North,4427.02
5ef65efa-7e8f-4fc1-85c8-56d6c6ba2d8f,2025-05-08 12:57:20,P971,South,2374.22
75550e4a-5303-4916-ab0b-781a2a56f560,2025-04-29 19:33:58,P117,North,2048.69
a9a3fb33-fa10-4d68-ac8b-88ee8d93b06d,2025-04-28 01:14:51,P441,South,4189.7
00c31ba8-fba7-49eb-8150-a81620cfedd8,2025-05-24 00:51:56,P110,North,3039.77
f1f414dc-2f44-44d9-9484-a094cf49c5da,2025-04-28 23:31:03,P135,South,3460.48
36286b32-cd4d-4a0b-bbab-060a764486c9,2025-05-11 23:44:07,P441,North,3868.0
62e8c7ff-27ee-4428-a2e4-05f7b4f43a29,2025-05-12 20:30:55,P445,South,750.04
10e1b310-3dac-4657-83c9-c3de5194dd94,2025-05-04 03:57:52,P442,North,4098.29
29db3b94-7f00-4acc-a152-7300e49ced38,2025-05-14 21:04:38,P108,West,4658.55
b68a89e7-dc50-4fad-8172-456a3da0628f,2025-05-11 19:05:00,P645,North,2434.41
454d71fb-da90-453c-b574-f8a7dca410ba,2025-05-09 22:01:05,P859,North,563.29
106460a4-25ba-4d57-9ad8-36eef338ae30,2025-04-30 19:20:49,P707,East,1797.93
313d4440-490a-4cd0-84ef-accefbe246f4,2025-04-27 15:05:56,P211,North,2918.33
87d0a400-51ed-4441-ba05-9dcf0659c3c4,2025-05-06 13:28:20,P158,West,1295.65
db1b84a6-39b1-4362-bbf9-17682a550af5,2025-05-07 02:38:33,P872,South,744.65
ccc72f8a-93be-4fb2-abff-639b997eede2,2025-04-27 14:24:38,P570,South,1849.4
b6b4346b-82b4-4eef-bf28-7e7f929c25dc,2025-05-09 17:09:43,P417,East,4528.47
c4b26ba5-8375-45e6-89e8-437483d0ec1f,2025-05-24 12:09:24,P630,East,4079.83
14e22547-c3ed-4195-bbe6-8e5cff6002ff,2025-05-09 23:52:57,P810,South,2209.59
832521f9-2778-4fd3-a4a9-6adc00fa9432,2025-05-12 13:35:57,P769,North,3306.96
42485199-2247-4b29-b038-75bc1941eeea,2025-05-19 23:32:44,P872,South,3777.07
f617a4f1-5989-4e75-919f-5c2f65725c8a,2025-04-28 18:38:00,P511,South,4501.26
35db722c-5fda-438a-84be-aba57c7d3570,2025-05-02 23:41:00,P727,West,4825.49
987fdbde-9d0c-4859-933c-e9068193924a,2025-04-30 04:02:54,P470,South,2052.36
51009650-a186-4291-9955-e98ad9812420,2025-05-05 17:27:46,P318,East,1000.57
f121f7b2-022a-4c60-845a-3616a1f3cfd5,2025-05-06 20:26:41,P293,East,754.9
a95a1df7-ccb9-4766-942f-74de687ad369,2025-05-17 15:15:53,P534,West,883.18
1e8e507b-ec01-40b6-abf0-04c68dab793a,2025-04-29 07:35:39,P750,East,4600.02
ee8e3d98-f8ec-495a-a16a-daa8f72fcdbb,2025-05-15 17:56:41,P417,West,967.37
42eb8035-52dd-4c76-b212-990eee046738,2025-04-29 14:20:58,P178,North,3180.08
cba96436-b669-43a0-a53d-242fbbfb786c,2025-05-23 03:22:46,P567,South,947.55
e6cfe8f9-87c6-4bf5-a6fd-1f97d1e48656,2025-05-05 06:47:17,P466,West,717.44
70d65d65-fd86-4ad0-86f8-94758a744a5b,2025-04-27 16:38:06,P860,East,2416.34
f08151ff-ff94-4a7e-8499-a6e83da79cf4,2025-05-16 18:04:12,P659,West,4720.81
c7f0adad-c58d-4406-bd44-e3f093ce38b2,2025-05-25 00:10:03,P911,West,1445.3
ed5a71be-3752-4936-91db-48ae4461cef4,2025-04-28 10:48:02,P156,East,2849.25
48093925-f556-4ac2-9e9a-f5eff2863068,2025-05-01 12:50:25,P758,South,654.93
244b4afc-840d-49f0-929a-6365235a5a00,2025-05-15 15:27:39,P791,North,2000.32
024884f8-490e-4aac-9a2f-a6e5e23a8ed2,2025-05-14 10:25:29,P966,West,2344.65
7ce2ea3c-9760-4a8f-8883-790e47107465,2025-04-27 06:01:22,P504,North,4994.82
a8ce5935-e619-4c39-ac78-516469c937fa,2025-04-29 00:16:14,P793,West,986.04
39e81c79-f121-41ac-8512-e56bb8c216ea,2025-05-21 20:54:14,P548,West,2450.87
6308d7b5-4eb4-4a39-9abc-a3526e0f2052,2025-04-29 17:49:36,P758,East,1106.64
bceadc24-ccf4-452c-85fb-a78392426288,2025-05-14 18:08:38,P444,North,4574.52
2384cf7a-99e0-48c2-b9e5-118b797da026,2025-04-28 20:43:27,P180,East,1532.88
96a3f5a8-13c7-4c0c-a18c-63491eecac9d,2025-05-07 16:03:07,P303,North,731.92
d9fd1962-cb93-460e-bdd5-05fb2d1a922f,2025-05-08 19:50:18,P823,East,3069.0
7744abe7-75fb-4a7b-907f-a96d0319690d,2025-05-11 14:02:56,P135,East,3232.21
67e2d2a7-3986-4a2e-89d5-06b816a3860b,2025-04-30 22:25:59,P800,West,1125.41
a26a31e7-807f-4a9a-b4bc-11cb86daa17c,2025-05-11 20:34:52,P673,North,1390.08
7aeb432e-fcb7-428e-a53e-44ac287f2890,2025-05-11 05:13:53,P823,East,3584.69
4e84eabd-186c-4ee2-ab6e-15d7122aad60,2025-05-22 05:43:00,P361,North,4477.57
e4a5bed4-2f3c-49b0-88dd-0d1467ed27b5,2025-05-14 08:18:17,P723,South,3721.42
be97fd19-e5ba-4cc3-9986-5523bea581b8,2025-05-13 18:03:37,P568,East,1977.16
ffcf02af-ff10-4a27-90b5-29d62516cf40,2025-05-19 10:39:42,P932,West,3541.39
3feb01b0-67ad-454e-8f2e-0c82302dc5e6,2025-05-14 03:17:50,P455,East,2961.49
8941bf8a-5af6-4426-8849-c46a29bfa1d8,2025-05-05 00:31:41,P650,South,1601.98
f8a931ab-10da-46ef-a0ed-93b1832408d9,2025-05-13 17:41:46,P589,North,4040.73
43b5bce1-03ca-46be-891a-6489f96301b3,2025-05-05 03:59:18,P163,East,3947.11
6a997aa7-7558-40a6-9384-383488723336,2025-05-24 03:36:03,P381,West,1974.25
0d65dda8-75ee-4b34-9036-bde9b9b3a862,2025-05-02 00:10:50,P624,East,3091.66
87a386c5-8e2d-4528-873b-0c07e76830fa,2025-05-12 19:31:21,P890,South,3326.57
349d1b9f-7db7-49fc-91a2-e6d94d5ca699,2025-05-15 12:27:46,P174,North,3106.64
0ba4943e-9df4-4378-ad2d-cdf60915ee04,2025-05-06 07:16:39,P178,West,2769.55
68717ee7-47dc-49f5-97ed-dc2693244ebc,2025-05-24 13:41:27,P519,East,564.61
e042eee9-7b60-4b24-a083-113b595a8c22,2025-05-01 21:47:53,P132,North,4365.18
f0ac5d4a-a0ae-4c35-8290-cb75783577b2,2025-05-23 10:00:08,P999,North,3100.37
9abb8c2f-5ba8-4575-a0d2-0bc979b476b5,2025-05-20 22:53:40,P543,West,1520.58
a7f43e3a-590b-4b73-b9fd-722bcd3f13de,2025-05-13 02:42:15,P299,South,882.64
1beaf3b9-e9cb-4283-be15-ebabd9ff3942,2025-05-12 07:28:20,P939,East,1701.44
17cce60e-1fc7-4afb-8f65-ae0219689c84,2025-05-21 05:50:12,P697,South,3547.48
2bf6af01-6f46-4791-9b65-8ee387ffb013,2025-05-10 05:37:44,P954,West,3432.02
e9ba0b4c-8d40-45c4-a5e9-27fc7418bd56,2025-05-04 14:43:51,P230,North,828.7
44e27812-b4bc-4443-bbb5-dfef8f3b4916,2025-05-10 17:38:59,P412,West,2467.77
b96ed2f0-438d-4b53-b203-cf2f687aa0f6,2025-05-08 11:26:43,P376,North,3484.2
89e6e6ff-7db0-45f1-aaed-f4ef8f4dbace,2025-05-04 10:05:21,P654,East,2969.22
f9c66fa1-ea93-4742-bd68-fb580ba6020e,2025-05-26 01:34:17,P961,South,775.17
c325ee28-a398-4f67-b3d4-286a599bcb42,2025-05-14 22:56:29,P528,North,3648.03
4205cd82-f520-45e6-8743-bb0b7a5f3387,2025-05-22 23:11:15,P420,West,4725.6
53a6aee4-41fa-408a-99ea-57361bcd1a03,2025-05-06 21:56:24,P583,North,2424.28
cb8032b7-6e84-4751-9edd-3734cc4e9659,2025-05-16 10:01:05,P324,North,1324.83
5c2f82fc-b6b4-4fdd-8e95-78c3667dde29,2025-05-21 22:46:42,P784,South,2687.2
e6098869-0ecf-442a-9aa2-b7bff845cd34,2025-05-16 16:52:23,P847,North,3279.99
fb334c5b-e0a0-48fe-8bf5-707e9f95835d,2025-05-12 15:27:18,P120,West,4015.11
bd7425c0-18eb-4677-980c-7458eb8d9bc8,2025-05-20 04:46:12,P620,South,3505.51
fe7c357d-aa35-4bfa-bec9-979a94c7fba9,2025-05-03 13:39:22,P765,West,2591.95
df8b7331-52ba-4c95-bf07-453661e2c9a7,2025-05-04 13:39:12,P707,North,4041.0
58b37982-43c5-48ac-ad34-5acdce81fc46,2025-05-22 01:14:47,P651,West,2618.76
5ed60d5f-6280-4723-9cca-ffaa08612df0,2025-04-27 13:51:32,P729,West,2962.13
fda5b782-a7d5-4022-8a96-4285161b99bf,2025-05-17 12:04:51,P295,South,1764.49
cfddc701-ba80-42b8-8544-724bb60f4f2b,2025-04-28 18:29:40,P248,East,3100.79
4244b2cf-c023-46ff-be6f-154f4923315a,2025-05-16 09:04:53,P974,South,531.23
f0bb6481-a7cd-425f-b256-3f5fdfc6084e,2025-04-30 09:02:54,P252,South,4037.35
36bd70c7-b74d-4040-8153-428ee8cb9bf0,2025-04-27 19:50:24,P778,South,4533.01
7fd516eb-8ae2-4578-a902-f8dafbc22297,2025-05-04 00:06:05,P757,West,2082.33
485a2ac3-06e6-4f6e-9fe3-c9cbdf93d314,2025-05-14 00:45:20,P574,North,3437.92
16c01286-8cc8-446a-851d-d3c288cc6030,2025-05-15 23:02:00,P483,West,2327.69
441b62a0-75dc-4359-9493-be27068b2f52,2025-05-13 09:15:36,P740,South,3079.64
7bdc7ce8-758c-4ad7-ba7a-4518d4507f20,2025-05-02 08:31:33,P407,South,3598.39
91821d98-2f0e-45c6-866f-6c37e9a1d5f2,2025-05-02 04:13:25,P944,South,1342.31
0f182d58-1f9c-425c-9ca1-357f347d7110,2025-05-21 02:46:34,P117,South,665.78
001f2238-0719-4425-a5e5-a6ef119aed11,2025-05-15 01:27:09,P857,South,4874.26
608ec4ea-4930-422c-9a4d-29d521645198,2025-05-20 19:33:17,P903,East,2431.71
2c2907e0-d36e-4889-a0c6-1c9ae8cb648d,2025-05-19 20:17:37,P777,West,3985.04
9e646a8a-358b-4d08-9d4e-d61c35121445,2025-05-19 16:16:13,P957,North,2998.46
42853b3d-4a02-421b-a40a-398ca53bd9ad,2025-05-03 16:46:03,P437,East,1232.26
79453f23-ab08-4693-b32e-88dc4c97df0d,2025-04-28 22:48:10,P859,East,660.98
4d24bc4f-a54e-4f20-b1cc-35bb377c0edc,2025-04-28 22:14:25,P575,East,1043.41
6abfe1eb-29b4-4272-a72d-393505f250f0,2025-05-18 13:43:03,P786,East,2957.88
c60985b6-e7e8-4e54-be0d-3e44d6a0d6c8,2025-05-22 18:46:25,P721,East,1728.56
215b614b-d1c3-45e3-bbda-1fa9c350d1a5,2025-05-07 15:50:30,P539,East,3855.84
49ae77cc-4ef7-45c0-ac1e-70cc0d985f22,2025-04-28 13:38:24,P500,North,1666.49
7f373a76-6c2d-4992-9309-527fbdfa4bbc,2025-05-02 18:00:46,P640,East,4115.33
cb2a794c-f375-4a9a-bf91-cd8c64d3f32c,2025-05-19 08:32:25,P986,East,548.76
893ede2c-9bb4-4978-9e22-a574cd5bf2b7,2025-05-09 00:00:32,P192,East,4718.6
c501903b-521d-48da-85b9-9d8639a1d340,2025-05-09 03:46:55,P940,East,3949.3
0183ffb2-334f-4419-8060-937591892c6e,2025-05-04 14:03:35,P939,East,3025.17
1ad28063-ee23-4905-8818-f571a79e97ed,2025-05-08 02:12:35,P473,East,2864.11
d5444e6c-7e6d-40ad-8bba-8353f376621f,2025-05-23 07:27:16,P290,North,3187.67
64525300-45e1-4b47-bf95-48380b1bf439,2025-05-18 09:37:31,P827,East,1745.26
2786cff4-5aab-4d73-889f-0f1bb5f024bd,2025-05-05 01:25:45,P203,East,1704.08
ec82d79a-e679-4950-a76e-d72daf939a64,2025-05-11 02:11:36,P964,North,2364.74
5e46f42d-b6a5-4596-a98d-597c1a458931,2025-05-20 21:16:29,P372,North,1514.37
4771c82a-8b49-427b-a12a-c112e85604f9,2025-05-01 00:52:23,P212,East,2073.56
0315d8b4-1aad-4436-9c7f-700c19c4c9a7,2025-05-14 05:31:25,P952,South,1768.26
f1e10bd6-c476-464d-88fa-7186c85032e0,2025-05-25 12:59:37,P424,West,3701.49
f79dd579-dbf9-424b-ac9b-ebc525719b76,2025-05-06 00:23:11,P711,North,1423.37
f0fc3b6e-323e-4e95-ae07-f804c09c0792,2025-04-27 21:11:22,P527,West,3362.84
f078e39f-7f67-44a5-8ccf-3b7b2f06c673,2025-05-04 04:37:53,P924,East,2463.16
2d3a9ed3-ca52-4ef2-b527-65f9fc7c8ecd,2025-05-07 12:16:55,P608,North,4059.94
787ee47f-ca44-4b9d-9892-a73fd43ddbc3,2025-05-07 04:02:53,P945,North,1784.36
c9545180-3f53-4143-a5dd-a17719e64d74,2025-05-22 03:45:44,P254,North,2596.67
e0e88f4e-896e-4320-8878-dd8d829c01cd,2025-05-18 09:28:51,P219,South,1922.57
0f4af1d9-a2d4-4ed2-b9e4-0765b3aa678e,2025-05-12 22:17:13,P646,West,2112.03
26d6d700-def6-4831-960f-b36d2c1485a1,2025-05-06 12:33:39,P768,East,4437.37
3f5fb737-254b-4dbd-8388-0fecb735b21a,2025-05-08 23:19:27,P588,North,4150.74
6c106455-9173-432e-afbb-5a449337deb2,2025-05-01 20:49:50,P653,West,4471.94
5946f742-b527-4118-b1b2-58a3210cdf5c,2025-05-01 14:41:31,P762,South,2364.19
d6a0847e-9229-42eb-8006-deffefc33cd1,2025-05-25 11:40:30,P513,North,3588.49
7a51e3e2-baca-4a7b-ada7-2865d8942be8,2025-05-23 11:36:19,P289,South,4197.81
8f5efb39-6cf0-4a73-bf09-325506227508,2025-05-04 06:09:30,P603,East,1924.64
079e3c75-83c8-47aa-ae7b-4cd8ac3d59ac,2025-05-22 08:50:23,P546,East,2732.3
5bfb31f8-d959-4ee1-ba8e-bc2a8da3d29e,2025-05-11 23:23:50,P813,East,4504.54
332ee667-8aa4-474a-8a33-2b497f96e2db,2025-05-03 12:46:25,P563,East,979.35
8e6d112f-243c-4fde-b00f-ffaf61e35295,2025-05-02 13:11:25,P511,North,4226.12
b9cdf7a9-666b-44bb-b19c-afe36a9494c5,2025-05-23 09:48:12,P957,South,2912.74
d6729aa2-c0f2-4014-9101-85916abba7ef,2025-05-26 01:19:43,P889,East,949.07
2fe843d2-684b-4298-9741-f6f68034f99f,2025-04-28 14:33:38,P136,South,4872.69
81822a7a-90b1-49e6-93e0-1b4cb099b1b5,2025-05-11 04:58:49,P102,East,1746.57
745402db-04bc-4405-a6e2-2dcde800c2e0,2025-05-13 14:38:07,P160,East,3018.27
6372a479-97ca-46d8-a7ff-2cd8031df377,2025-05-22 11:24:29,P561,West,3497.63
41adc24e-b105-411c-ac26-0d2ec90eb7c4,2025-05-18 21:34:17,P501,North,1525.06
e26a5c9d-c592-495c-92d3-7f171e19c427,2025-05-21 01:54:12,P241,North,3731.24
d461edaf-cf45-4565-8685-e598850066cd,2025-05-16 04:22:38,P960,East,3391.44
05858467-316a-45cc-9ead-e3114c4aa197,2025-05-09 22:03:35,P901,East,3454.24
3ffc51db-c272-4edf-9fd9-ad2e1e808b9b,2025-05-13 17:16:24,P168,South,2785.19
1ffbfc7c-2541-4bb7-9e30-246624b19845,2025-05-03 10:25:53,P943,South,4651.37
5642c06b-6bf1-4851-932c-a114a26a040f,2025-05-19 16:53:59,P603,North,1071.1
1d4a97f3-1e13-43bb-81d9-226d62efeacd,2025-05-14 04:27:30,P192,North,4185.79
c454566c-82cf-47df-80d0-9c1b45bee51e,2025-05-26 15:52:35,P379,East,3084.53
bd6f8191-1c88-486a-a270-a67f67565c98,2025-05-03 07:07:01,P562,West,4753.58
abba48ea-21d3-4f1c-b657-6c7939097785,2025-05-21 18:43:35,P710,North,2673.72
e1e843c4-b4dc-4422-8663-ff672a355613,2025-05-18 19:47:54,P415,West,696.64
9d26519a-5457-4f05-b866-c49ffd633816,2025-05-08 21:24:43,P829,North,2840.1
e8fd6d5f-458e-4fcd-8c3a-89aaf6d9fe52,2025-05-25 07:49:36,P232,South,1790.91
c5c1d3f8-3561-4d82-8622-7218003bbfa5,2025-04-27 13:24:13,P985,South,4976.89
7ff82314-508f-48dd-9eee-f6bd50b56af2,2025-05-24 21:17:46,P769,East,597.48
10a1ac34-7b58-4392-b0ba-e24fa8be385d,2025-05-25 02:49:18,P810,East,4174.01
3a9cc64c-2043-4c79-b1fb-7ee820e9180c,2025-05-08 07:35:15,P674,South,566.48
26165e14-afb6-437c-af76-bb66b6462a04,2025-05-13 06:06:55,P326,South,4547.91
4d7c7ee0-1d6b-4963-9a55-b85f1597b9c4,2025-05-05 18:15:27,P619,East,4450.98
a1fc155d-72e8-41b2-a200-a4df85971c41,2025-05-08 01:05:08,P971,North,2650.46
5941303d-b5eb-4c34-a040-379facb40db2,2025-05-01 12:32:06,P105,North,1070.55
fff0ccea-0393-4981-9aa4-f4379041805d,2025-04-27 08:10:00,P947,North,3714.74
cd77a483-4f3a-4053-b508-097d0b48e8ed,2025-05-13 07:52:18,P639,East,4737.25
682539e8-8c26-4b7c-aff8-4b0a2c6ae467,2025-05-16 17:29:07,P884,East,2174.24
0c9d00f6-7c21-4548-9d1c-77dbb4f1ff05,2025-05-18 05:23:25,P690,West,1238.99
60062d23-5519-4fb1-94e3-3872b6780367,2025-05-13 08:57:46,P636,South,3816.91
6b95b673-8c32-47a5-b2cd-f34440f0db58,2025-05-08 04:18:20,P466,West,776.54
41b9eb28-8e74-4118-852b-3d4a150c054c,2025-05-26 12:50:23,P709,East,4233.6
78febb9c-f540-44a2-abf5-16b1b3e61db4,2025-04-29 17:48:39,P406,East,813.47
a99cb073-2e69-482b-8195-a426ff98fad9,2025-05-12 20:21:28,P736,North,1905.84
8d414d5c-a369-4d8b-9d9a-83747dfae2f4,2025-05-08 20:05:29,P117,North,3475.46
e847c4ae-75c9-4d14-9f8a-972ee9f2f1c3,2025-05-26 11:29:06,P572,West,4364.9
2e4efcff-2c3b-4515-bc14-53d5b99ad23c,2025-05-23 20:16:41,P245,North,2116.5
a13aacb3-baff-4253-a81b-5e6756de0073,2025-05-16 23:14:40,P377,West,1733.89
3d3cc868-d671-454a-bb40-0a5d1d9c70ee,2025-04-27 12:09:46,P148,North,2298.19
00f958ad-e142-4889-bace-11fec7bf539c,2025-05-03 18:33:03,P474,South,2244.42
fbabcb19-456b-49b0-b1f3-4224aacadedc,2025-05-12 05:31:27,P764,North,4455.36
57ba4f1e-65b1-4c07-98ce-fadac262cfd1,2025-05-12 08:03:10,P255,North,4986.36
5f55aa3f-6c38-4f56-bb90-0e34a49bf5f0,2025-05-24 12:12:07,P811,West,664.68
c230e562-409f-4ab4-a099-9c2db11f7a6a,2025-05-19 18:48:53,P744,West,3034.96
9d031943-8bf1-4bcb-8722-833586f5edd4,2025-04-30 14:56:00,P591,West,4563.97
b3b475a6-7eed-4fec-9e1a-fd4ecbc5bc61,2025-05-08 06:47:18,P255,South,1010.27
e0443768-e162-4e0f-8816-2954af098370,2025-04-30 19:07:09,P671,North,2475.81
f7d3f4f0-11fb-40fa-a265-75cb7226fde7,2025-05-23 17:07:38,P117,North,2666.64
dcf50c82-2aef-4da8-8a30-047aa516276e,2025-05-07 12:44:59,P807,East,1722.49
3dbe3307-d289-4df1-ae31-5402e895e2fd,2025-05-16 21:52:26,P771,North,1576.91
27896663-4485-4c6f-ae31-9af1983d7988,2025-05-24 12:45:12,P760,East,2007.63
f15230c5-32e7-48fe-ba9f-016dc5c24923,2025-05-04 23:00:25,P250,East,3838.54
5224e8ed-fd91-4780-b58b-7cae193f1615,2025-05-23 04:27:58,P395,North,4756.76
cbde0f8e-d17f-4d6c-b6df-da95470b7a48,2025-05-09 08:15:07,P166,South,3668.96
0ad1c42f-b49e-46ce-9787-528018855fea,2025-05-10 19:50:08,P463,North,3718.96
82d9bdab-151a-4ae2-8920-514d925c1bfa,2025-05-26 06:46:09,P427,North,3118.19
2afe8582-97fe-4bcc-be98-84e24d028afe,2025-04-29 05:15:03,P314,South,4696.17
5967b9ab-c5dc-48df-9a44-66ffcb9aac7d,2025-05-16 17:47:40,P431,East,1761.87
9eb40e9a-1356-492f-af98-9575b6a51c26,2025-05-22 16:47:40,P811,North,3398.99
6115b4e1-2bc9-4635-9f22-39f9018ed110,2025-05-10 06:43:10,P133,South,2658.66
51c1b95f-abcf-4e11-ac81-ed8901a0ed0f,2025-05-22 01:56:12,P650,South,1431.57
babcd3db-cb73-46a3-8ef9-df418e398161,2025-05-02 20:55:32,P909,West,4417.43
b91fb4a2-5230-473e-a60b-0e61c2aa4f49,2025-05-10 09:07:38,P923,South,2686.56
6b147bfb-c7b5-49ad-a52c-f56fb13b26ab,2025-05-21 11:40:36,P268,South,4215.86
63681ea3-ad1f-43ca-a9be-50d94c485b5b,2025-05-20 19:26:58,P378,East,3871.64
85708fc0-11a6-41cd-8843-d751111e720a,2025-05-21 22:25:12,P527,East,4924.56
2906ae77-55db-41e6-b183-031347d52d2b,2025-05-20 04:06:16,P973,South,4809.98
77c16d4e-fcfe-4e24-a716-ec5aab7e90cf,2025-05-06 07:31:58,P686,North,2266.22
f6296c15-7a37-41e2-8906-7f431772234e,2025-05-04 14:48:07,P477,West,4229.55
06722e89-2d3b-4cf9-955e-3f5c01c217c1,2025-05-10 10:05:47,P757,South,3569.61
4399f920-b305-4edd-a699-070bad402b67,2025-05-13 09:46:14,P403,South,1393.35
c4ec31a9-98f2-42e0-853f-7f78e1f5cbb3,2025-05-22 11:06:49,P912,South,2742.66
0bd9270f-1c54-4f9d-a831-57c083731f23,2025-05-06 05:24:09,P969,North,3904.12
42746e9c-b596-4048-be2a-e26c523cf799,2025-05-18 16:01:13,P407,West,2249.63
de831fa5-8310-4e35-8fe8-4cfc742eb25f,2025-05-13 13:02:39,P177,South,4161.39
2ca0dc89-853a-407c-be03-ebf36de10501,2025-05-11 05:30:32,P614,South,4693.01
019c00de-0b25-4e7b-98ad-67383fb722b2,2025-05-09 10:23:19,P722,East,2317.98
563037db-0b7b-4edc-b325-d9f113b45bf0,2025-05-23 04:46:53,P891,East,4071.18
4188629d-6407-422a-9a7d-d7d79327491e,2025-05-18 02:08:19,P591,East,3538.23
bf9e5f93-2819-4d76-b975-fc91e1ae0f5e,2025-04-27 16:17:18,P461,North,1962.06
b1da9755-7a0f-4a25-b23d-dec9ff8eacca,2025-05-14 04:04:37,P625,West,4198.24
ab510ef9-9b46-432a-9ff3-3a320e17df54,2025-04-27 04:40:22,P211,North,2144.79
3629cc1b-52a2-424a-b39d-cff8c497ee20,2025-05-18 18:10:02,P265,West,2459.94
56a820a5-3249-4cf9-bf19-b8373023c0df,2025-05-03 09:23:08,P910,East,3086.72
4315e712-0e09-4be9-8d5b-1b160b7eff21,2025-04-27 03:41:12,P845,South,4544.73
193034c2-72f8-457e-a3c8-8e61d1a123de,2025-05-06 19:26:44,P675,East,2826.15
c15fb2b6-9472-4e0e-8ad6-10dea6f81e1d,2025-05-09 12:38:32,P928,North,2257.91
2ddca7e0-c272-41bb-a893-dfeca1cb5061,2025-05-23 15:11:27,P164,North,4721.78
8c65e2c1-8e32-4446-8668-353bf570d529,2025-05-03 11:19:08,P526,West,4147.86
65543058-dbcc-4393-970c-e7a1caf942d5,2025-05-07 21:16:59,P735,East,3701.92
a6118266-6870-477f-9115-03efedbbc69d,2025-04-29 11:10:45,P114,South,3180.92
e9f875d7-b198-493a-aeca-9f24ba41e85e,2025-05-19 07:08:14,P263,South,550.95
623b591e-ee8c-4cdc-bfe3-3162bdaa09a9,2025-05-25 19:05:47,P474,South,1268.66
8b321741-2073-47af-9a82-299475822d10,2025-05-15 01:46:43,P553,North,4686.32
f9edcfb4-156e-48bb-874f-a1c6d21619f3,2025-05-24 07:39:38,P404,East,3210.98
54f94e4f-d07e-4a37-ad16-20f85ae48724,2025-05-14 07:22:59,P644,North,3984.04
124fb890-30cb-419f-a980-cbfbe76ad35e,2025-05-17 08:34:01,P803,East,4319.37
bc012ab7-edfc-43d8-9ea3-50a7f44681b1,2025-05-13 18:17:13,P742,West,4651.18
e79d47e2-0eb8-4965-938e-0bebe8358cf8,2025-05-16 06:00:29,P879,South,4446.23
bcac90eb-b85a-4c20-ba29-f07777f45983,2025-05-17 08:34:11,P960,East,1542.49
a80c5fd1-7a26-4610-a8d4-49c9c8e2adf4,2025-05-14 06:11:27,P322,West,3760.98
f71341f3-d1b7-4eba-bdc8-e16b8fc342cc,2025-05-20 14:46:36,P203,East,4233.9
319306f5-e192-41dc-b387-3ed89a90228a,2025-04-27 04:32:50,P202,North,4553.01
f5a9b99d-c894-4a3a-8e96-4b1654fc5b27,2025-05-07 03:10:00,P910,North,2165.82
7ec705a7-bff2-46b7-87ab-d91a0925d65a,2025-05-13 18:04:15,P508,East,4683.89
86dd908a-87f7-4513-8851-8bd14219d2b8,2025-05-17 18:10:49,P924,West,2898.52
98760ce5-e579-42da-8530-8e6e07d52f62,2025-05-23 09:58:24,P252,North,4831.9
736f01f1-edf4-41e5-9ace-02bbb25f1c8b,2025-05-24 10:59:45,P166,East,3548.58
0ed4241c-062a-4c30-be57-76001134c8e3,2025-05-06 22:47:50,P484,North,1345.02
9945ee72-4bc0-4201-a0e6-135ec2ae564d,2025-05-25 12:34:09,P310,South,2820.39
a05f06fd-f1f8-40a5-9818-080e5e022b45,2025-04-28 16:33:32,P503,North,1938.81
6d1569a3-86a9-48a1-a992-e9e240d6047e,2025-05-26 09:19:09,P301,East,4447.0
d77ed398-7828-45e4-bf24-c5149bdc1caa,2025-04-29 21:53:19,P980,West,972.48
a78cec16-fd01-42a3-90ac-556e439fe14a,2025-05-24 13:17:02,P593,South,4535.53
c774c3b0-967a-41cd-b345-b064f184a275,2025-05-20 09:15:39,P245,East,1553.49
973b6c03-f62e-4834-b02e-c037f6cb0e41,2025-05-03 11:35:58,P856,South,4613.91
0857da39-0ffa-490a-a9cb-93862fceb767,2025-04-29 08:26:44,P801,West,3911.75
07345b33-dd4a-4542-a272-68a9ae0e3ec3,2025-05-26 03:12:12,P885,North,4500.42
60ae8083-e983-4121-b411-26791e467d89,2025-05-13 15:53:56,P412,South,2118.32
67176b8d-0187-41d9-b0f5-e8a90dc11edd,2025-05-25 10:39:44,P312,East,2378.11
172be750-97ca-408a-99ff-f08b391a0534,2025-04-27 23:52:17,P138,East,681.18
3fedefdc-2c0b-4a31-a640-59d956aa47b9,2025-05-09 12:20:08,P640,South,1115.48
989720ce-4329-46b4-96dc-fdb7b78b6d39,2025-05-06 05:42:16,P649,South,3757.31
423408bc-173f-498e-8cba-a22ef929cfb8,2025-05-01 15:02:41,P539,North,3284.47
d0f51610-4cb0-48c3-95dd-8dc79d577f0a,2025-05-11 18:09:57,P830,East,2248.75
6ae68ea4-215e-49f6-ad7a-a90c8bda5f91,2025-05-19 14:14:23,P144,East,4872.19
4039118b-06cb-4ac1-b8ae-fc6262b4ea09,2025-05-22 18:38:35,P820,West,4839.6
fe045c90-d870-4d4a-a28b-a91ba472d818,2025-05-18 03:21:49,P539,South,3510.35
36e367fa-3766-4beb-9f8c-1b0f7d65dfe6,2025-04-27 16:40:16,P780,East,4160.5
c7228241-4803-42af-9ac9-d89d0b941388,2025-04-30 15:55:31,P140,North,3199.17
4161dd01-5aac-4961-8f98-5ad647b6bc3c,2025-05-18 12:34:13,P372,North,855.44
cc5647e7-19cb-4172-8246-2431ee55519a,2025-05-09 16:05:53,P122,East,1008.49
1c27745f-1ae7-4432-bb1d-e36202700605,2025-04-27 03:57:56,P595,East,1830.34
3abd376a-2424-4af4-93b6-941dbe313ce8,2025-04-26 17:33:30,P659,West,1782.61
02fb181d-b877-49d5-a895-77cc00c8d95f,2025-05-13 09:05:14,P208,North,4955.42
9b4ef83e-1572-4f6a-aa02-eb748fb2b85b,2025-05-14 04:44:50,P695,East,4942.42
632364ba-a8b4-4017-b997-11feec8158f8,2025-05-10 01:26:05,P594,West,3699.4
31b01521-fa7e-4e88-abe6-f47d44c518a3,2025-05-05 15:48:25,P655,North,636.66
a08f8220-dfaa-4583-a22c-7c11873cb439,2025-05-17 22:42:35,P285,West,2587.24
649588bf-19d3-4ebd-8809-ac97c250cdba,2025-05-03 23:25:47,P947,North,1402.89
f5f50269-ef45-44fb-8725-5f8d1b6c4ad3,2025-05-20 17:57:09,P121,East,589.63
28260824-ad7e-4a49-8f04-4cd18261e53a,2025-05-03 20:05:03,P986,South,4053.79
7fc16c89-2779-4513-8b10-bd317d937c5f,2025-05-21 11:22:44,P301,South,1230.76
4f92e861-49d7-4ad9-b04e-7eeb467823ba,2025-05-05 00:16:35,P570,West,4045.26
84cf6319-9c5f-468e-9915-1bb361c937fc,2025-05-08 17:24:00,P379,North,1109.31
442b63f5-9525-4b12-aded-cf25a06b646a,2025-05-22 15:49:01,P660,East,2717.03
97ad59b0-6688-463b-b2b2-5493021efee6,2025-05-14 13:56:38,P208,East,4747.74
828ff76a-557d-4552-9c9e-a9c600895e06,2025-05-07 22:34:05,P917,South,661.38
5b8f3bac-dee6-4567-9363-ffe2c5987fdd,2025-05-14 08:54:54,P923,East,1240.91
87594bd3-24b1-40b6-b386-e3e7c2be58b4,2025-05-26 10:33:07,P450,West,3080.04
c18922ae-76e5-47d5-9ad4-90b394a605f2,2025-05-06 19:17:46,P949,East,2608.55
56877288-e826-4314-ab9e-95be4c7f0e0d,2025-05-14 04:26:27,P465,West,991.37
35d2ffd2-3de5-4a8e-a99a-d1f3baaf4d7f,2025-05-19 05:00:02,P131,North,1764.6
57de2ebb-12dd-479e-9e6f-e9df4d85f2d2,2025-05-01 11:14:51,P482,East,3754.24
15900d0e-d2d5-4652-ae2b-2d6852ef3f1e,2025-05-03 11:37:53,P186,South,1371.88
b2d341bf-4021-4cb1-a6f0-d216cb932338,2025-05-04 06:07:56,P665,East,2939.24
2e2ee8c2-477d-482f-ac9a-a8a2f7a061c1,2025-05-22 01:32:52,P880,East,3977.55
a69c314b-da0b-4638-b3ca-f10925ab5772,2025-05-24 02:27:09,P499,North,3889.12
3cde5e5d-7b69-4777-bd9e-014320274f08,2025-05-06 01:58:37,P593,South,2954.44
5c76e789-96d8-4fbb-9b92-f407e7619631,2025-05-25 07:08:49,P978,North,1154.42
